Workbook

Sheet Programmming Fundamental
B1: =[1]Theory!A1 -> MNS - UNIVERSITY OF ENGINEERING AND TECHNOLOGY MULTAN | L1: =[1]Theory!B4 -> Fall-2023-2027 (Evening-A) | P1: =[1]Theory!H3 -> 1st Semester | S1: =[1]Theory!H4 -> Fall 2023 | X1: =[1]Theory!H5 -> Engr. M Talha Jahangir
B2: Activity Sheet | I2: =[1]Theory!B3 -> BS Information Technology | R2: CLO & PLO Assessment
B3: Subject: | E3: =[1]Theory!B5 -> Title (Code): Programming Fundamental (IT-111)
B4: Component Name | E4: Quiz 1 | F4: Mid Term | J4: C.P | K4: Quiz 2 | L4: Final Term | P4: Total | Q4: Grade | R4: CLOs vs. PLOs
B5: Total Marks | E5: 10 | F5: 30 | J5: 10 | K5: 10 | L5: 16 | M5: 14 | N5: 10 | O5: 40 | P5: =SUM(E5:N5) -> 100 | R5: CLOs | S5: 1 | T5: 2 | U5: 3
B6: Question Components | E6: Q 1 | F6: Q1 | G6: Q2 | H6: Q3 | I6: Total | J6: Q1 | K6: Q1 | L6: Q1 | M6: Q2 | N6: Q3 | O6: Total | R6: PLOs | S6: 2 | T6: 2 | U6: 4
B7: Component Marks | E7: 10 | F7: 10 | G7: 10 | H7: 10 | I7: =F7+G7+H7 -> 30 | J7: 10 | K7: 10 | L7: 10 | M7: 14 | N7: 16 | O7: 40 | P7: =SUM(E7:H7,J7:N7) -> 100 | S7: =U7+F7+E7+L7 -> 56 | T7: =G7+H7+K7+M7 -> 44 | U7: =J7+N7 -> 26
D8: KPI | E8: =E7*0.5 -> 5 | F8: =F7*0.5 -> 5 | G8: =G7*0.5 -> 5 | H8: =H7*0.5 -> 5 | I8: =I7*0.5 -> 15 | J8: =J7*0.5 -> 5 | K8: =K7*0.5 -> 5 | L8: =L7*0.5 -> 5 | ... O8: =O7*0.5 -> 20 | P8: =SUM(E8:H8)+SUM(J8:J8)+SUM(K8:N8) -> 50 | S8: Assessment of CLOs | V8: PLOs Acheivement | Y8: PLOs Acheivement
D9: CLO Mapping | E9: 1 | F9: 1 | G9: 2 | H9: 2 | J9: 3 | K9: 2 | L9: 1 | M9: 2 | N9: 3 | S9: =S5 -> 1 | T9: =T5 -> 2 | U9: 3 | V9: 2 | W9: 2 | X9: 4 | Y9: =S6 -> 2 | Z9: =T6 -> 2 | AA9: =U6 -> 4
B10: Sr. No. | C10: Registration No. | D10: Student Name | Y10: Y | Z10: N
B11: 1 | C11: =[1]Theory!A25 -> 2023-IT-01 | D11: =[1]Theory!B25 -> Rahma Noor | E11: =[1]Theory!D25 -> 10 | F11: 4 | G11: 5 | H11: 5 | I11: =[1]Theory!E25 -> 14 | J11: =[1]Theory!H25 -> 9 | K11: =[1]Theory!F25 -> 9 | L11: 6 | M11: 6 | N11: 6 | O11: =[1]Theory!G25 -> 18 | P11: =E11+I11+J11+K11+O11 -> 60 | Q11: =[1]Theory!J25 -> B | S11: =E11+F11+L11 -> 20 | T11: =G11+H11+K11+M11 -> 25 | U11: =J11+N11 -> 15 | V11: =((S11/$S$7)*100) -> 35.714286 | W11: =((T11/$T$7)*100) -> 56.818182 | X11: =((U11/$U$7)*100) -> 57.692308 | Y11: =IF(V11>=50,"Y","N") -> N | Z11: =IF(W11>=50,"Y","N") -> Y | AA11: =IF(X11>=50,"Y","N") -> Y
B12: 2 | C12: =[1]Theory!A26 -> 2023-IT-02 | D12: =[1]Theory!B26 -> Alishba Manzoor | E12: =[1]Theory!D26 -> 8 | F12: 7 | G12: 8 | H12: 6 | I12: =[1]Theory!E26 -> 21 | J12: =[1]Theory!H26 -> 8 | K12: =[1]Theory!F26 -> 7 | L12: 5 | M12: 7 | N12: 8 | O12: =[1]Theory!G26 -> 20 | P12: =E12+I12+J12+K12+O12 -> 64 | Q12: =[1]Theory!J26 -> B | S12: =E12+F12+L12 -> 20 | T12: =G12+H12+K12+M12 -> 28 | U12: =J12+N12 -> 16 | V12: =((S12/$S$7)*100) -> 35.714286 | W12: =((T12/$T$7)*100) -> 63.636364 | X12: =((U12/$U$7)*100) -> 61.538462 | Y12: =IF(V12>=50,"Y","N") -> N | Z12: =IF(W12>=50,"Y","N") -> Y | AA12: =IF(X12>=50,"Y","N") -> Y
B13: 3 | C13: =[1]Theory!A27 -> 2023-IT-03 | D13: =[1]Theory!B27 -> Maheen Fatima | E13: =[1]Theory!D27 -> 8 | F13: 1 | G13: 5 | H13: 6 | I13: =[1]Theory!E27 -> 12 | J13: =[1]Theory!H27 -> 8 | K13: =[1]Theory!F27 -> 9 | L13: 6 | M13: 6 | N13: 9 | O13: =[1]Theory!G27 -> 21 | P13: =E13+I13+J13+K13+O13 -> 58 | Q13: =[1]Theory!J27 -> B- | S13: =E13+F13+L13 -> 15 | T13: =G13+H13+K13+M13 -> 26 | U13: =J13+N13 -> 17 | V13: =((S13/$S$7)*100) -> 26.785714 | W13: =((T13/$T$7)*100) -> 59.090909 | X13: =((U13/$U$7)*100) -> 65.384615 | Y13: =IF(V13>=50,"Y","N") -> N | Z13: =IF(W13>=50,"Y","N") -> Y | AA13: =IF(X13>=50,"Y","N") -> Y
B14: 4 | C14: =[1]Theory!A28 -> 2023-IT-04 | D14: =[1]Theory!B28 -> Aneela | E14: =[1]Theory!D28 -> 9 | F14: 6 | G14: 6 | H14: 6 | I14: =[1]Theory!E28 -> 18 | J14: =[1]Theory!H28 -> 9 | K14: =[1]Theory!F28 -> 8 | L14: 5 | M14: 11 | N14: 6 | O14: =[1]Theory!G28 -> 22 | P14: =E14+I14+J14+K14+O14 -> 66 | Q14: =[1]Theory!J28 -> B+ | S14: =E14+F14+L14 -> 20 | T14: =G14+H14+K14+M14 -> 31 | U14: =J14+N14 -> 15 | V14: =((S14/$S$7)*100) -> 35.714286 | W14: =((T14/$T$7)*100) -> 70.454545 | X14: =((U14/$U$7)*100) -> 57.692308 | Y14: =IF(V14>=50,"Y","N") -> N | Z14: =IF(W14>=50,"Y","N") -> Y | AA14: =IF(X14>=50,"Y","N") -> Y
B15: 5 | C15: =[1]Theory!A29 -> 2023-IT-05 | D15: =[1]Theory!B29 -> Alishba Saleem | E15: =[1]Theory!D29 -> 8 | F15: 0 | G15: 5 | H15: 5 | I15: =[1]Theory!E29 -> 10 | J15: =[1]Theory!H29 -> 9 | K15: =[1]Theory!F29 -> 8 | L15: 5 | M15: 6 | N15: 5 | O15: =[1]Theory!G29 -> 16 | P15: =E15+I15+J15+K15+O15 -> 51 | Q15: =[1]Theory!J29 -> C | S15: =E15+F15+L15 -> 13 | T15: =G15+H15+K15+M15 -> 24 | U15: =J15+N15 -> 14 | V15: =((S15/$S$7)*100) -> 23.214286 | W15: =((T15/$T$7)*100) -> 54.545455 | X15: =((U15/$U$7)*100) -> 53.846154 | Y15: =IF(V15>=50,"Y","N") -> N | Z15: =IF(W15>=50,"Y","N") -> Y | AA15: =IF(X15>=50,"Y","N") -> Y
B16: 6 | C16: =[1]Theory!A30 -> 2023-IT-06 | D16: =[1]Theory!B30 -> Mehak Asghar | E16: =[1]Theory!D30 -> 10 | F16: 6 | G16: 10 | H16: 10 | I16: =[1]Theory!E30 -> 26 | J16: =[1]Theory!H30 -> 9 | K16: =[1]Theory!F30 -> 10 | L16: 9 | M16: 10 | N16: 11 | O16: =[1]Theory!G30 -> 30 | P16: =E16+I16+J16+K16+O16 -> 85 | Q16: =[1]Theory!J30 -> A+ | S16: =E16+F16+L16 -> 25 | T16: =G16+H16+K16+M16 -> 40 | U16: =J16+N16 -> 20 | V16: =((S16/$S$7)*100) -> 44.642857 | W16: =((T16/$T$7)*100) -> 90.909091 | X16: =((U16/$U$7)*100) -> 76.923077 | Y16: =IF(V16>=50,"Y","N") -> N | Z16: =IF(W16>=50,"Y","N") -> Y | AA16: =IF(X16>=50,"Y","N") -> Y
B17: 7 | C17: =[1]Theory!A31 -> 2023-IT-07 | D17: =[1]Theory!B31 -> Humaira Afzal | E17: =[1]Theory!D31 -> 7 | F17: 8 | G17: 5 | H17: 7 | I17: =[1]Theory!E31 -> 20 | J17: =[1]Theory!H31 -> 7 | K17: =[1]Theory!F31 -> 7 | L17: 7 | M17: 7 | N17: 7 | O17: =[1]Theory!G31 -> 21 | P17: =E17+I17+J17+K17+O17 -> 62 | Q17: =[1]Theory!J31 -> B | S17: =E17+F17+L17 -> 22 | T17: =G17+H17+K17+M17 -> 26 | U17: =J17+N17 -> 14 | V17: =((S17/$S$7)*100) -> 39.285714 | W17: =((T17/$T$7)*100) -> 59.090909 | X17: =((U17/$U$7)*100) -> 53.846154 | Y17: =IF(V17>=50,"Y","N") -> N | Z17: =IF(W17>=50,"Y","N") -> Y | AA17: =IF(X17>=50,"Y","N") -> Y
B18: 8 | C18: =[1]Theory!A32 -> 2023-IT-08 | D18: =[1]Theory!B32 -> Saleena Khan | E18: =[1]Theory!D32 -> 0 | F18: 0 | G18: 0 | H18: 0 | I18: =[1]Theory!E32 -> 0 | J18: =[1]Theory!H32 -> 0 | K18: =[1]Theory!F32 -> 0 | L18: 0 | M18: 0 | N18: 0 | O18: =[1]Theory!G32 -> 0 | P18: =E18+I18+J18+K18+O18 -> 0 | Q18: =[1]Theory!J32 -> F | S18: =E18+F18+L18 -> 0 | T18: =G18+H18+K18+M18 -> 0 | U18: =J18+N18 -> 0 | V18: =((S18/$S$7)*100) -> 0 | W18: =((T18/$T$7)*100) -> 0 | X18: =((U18/$U$7)*100) -> 0 | Y18: =IF(V18>=50,"Y","N") -> N | Z18: =IF(W18>=50,"Y","N") -> N | AA18: =IF(X18>=50,"Y","N") -> N
B19: 9 | C19: =[1]Theory!A33 -> 2023-IT-10 | D19: =[1]Theory!B33 -> Asad Ullah | E19: =[1]Theory!D33 -> 10 | F19: 2 | G19: 5 | H19: 6 | I19: =[1]Theory!E33 -> 13 | J19: =[1]Theory!H33 -> 9 | K19: =[1]Theory!F33 -> 9 | L19: 8 | M19: 6 | N19: 5 | O19: =[1]Theory!G33 -> 19 | P19: =E19+I19+J19+K19+O19 -> 60 | Q19: =[1]Theory!J33 -> B | S19: =E19+F19+L19 -> 20 | T19: =G19+H19+K19+M19 -> 26 | U19: =J19+N19 -> 14 | V19: =((S19/$S$7)*100) -> 35.714286 | W19: =((T19/$T$7)*100) -> 59.090909 | X19: =((U19/$U$7)*100) -> 53.846154 | Y19: =IF(V19>=50,"Y","N") -> N | Z19: =IF(W19>=50,"Y","N") -> Y | AA19: =IF(X19>=50,"Y","N") -> Y
B20: 10 | C20: =[1]Theory!A34 -> 2023-IT-11 | D20: =[1]Theory!B34 -> Rana Talha dawood | E20: =[1]Theory!D34 -> 6 | F20: 5 | G20: 6 | H20: 7 | I20: =[1]Theory!E34 -> 18 | J20: =[1]Theory!H34 -> 6 | K20: =[1]Theory!F34 -> 6 | L20: 7 | M20: 5 | N20: 5 | O20: =[1]Theory!G34 -> 17 | P20: =E20+I20+J20+K20+O20 -> 53 | Q20: =[1]Theory!J34 -> C+ | S20: =E20+F20+L20 -> 18 | T20: =G20+H20+K20+M20 -> 24 | U20: =J20+N20 -> 11 | V20: =((S20/$S$7)*100) -> 32.142857 | W20: =((T20/$T$7)*100) -> 54.545455 | X20: =((U20/$U$7)*100) -> 42.307692 | Y20: =IF(V20>=50,"Y","N") -> N | Z20: =IF(W20>=50,"Y","N") -> Y | AA20: =IF(X20>=50,"Y","N") -> N
B21: 11 | C21: =[1]Theory!A35 -> 2023-IT-12 | D21: =[1]Theory!B35 -> Ali Ahmad | E21: =[1]Theory!D35 -> 8 | F21: 5 | G21: 5 | H21: 4 | I21: =[1]Theory!E35 -> 14 | J21: =[1]Theory!H35 -> 8 | K21: =[1]Theory!F35 -> 7 | L21: 8 | M21: 8 | N21: 7 | O21: =[1]Theory!G35 -> 23 | P21: =E21+I21+J21+K21+O21 -> 60 | Q21: =[1]Theory!J35 -> B | S21: =E21+F21+L21 -> 21 | T21: =G21+H21+K21+M21 -> 24 | U21: =J21+N21 -> 15 | V21: =((S21/$S$7)*100) -> 37.5 | W21: =((T21/$T$7)*100) -> 54.545455 | X21: =((U21/$U$7)*100) -> 57.692308 | Y21: =IF(V21>=50,"Y","N") -> N | Z21: =IF(W21>=50,"Y","N") -> Y | AA21: =IF(X21>=50,"Y","N") -> Y
B22: 12 | C22: =[1]Theory!A36 -> 2023-IT-13 | D22: =[1]Theory!B36 -> Muhammad Daud | E22: =[1]Theory!D36 -> 8 | F22: 8 | G22: 8 | H22: 8 | I22: =[1]Theory!E36 -> 24 | J22: =[1]Theory!H36 -> 9 | K22: =[1]Theory!F36 -> 8 | L22: 7 | M22: 7 | N22: 8 | O22: =[1]Theory!G36 -> 22 | P22: =E22+I22+J22+K22+O22 -> 71 | Q22: =[1]Theory!J36 -> A- | S22: =E22+F22+L22 -> 23 | T22: =G22+H22+K22+M22 -> 31 | U22: =J22+N22 -> 17 | V22: =((S22/$S$7)*100) -> 41.071429 | W22: =((T22/$T$7)*100) -> 70.454545 | X22: =((U22/$U$7)*100) -> 65.384615 | Y22: =IF(V22>=50,"Y","N") -> N | Z22: =IF(W22>=50,"Y","N") -> Y | AA22: =IF(X22>=50,"Y","N") -> Y
... B54: 44 | C54: =[1]Theory!A68 -> 2023-IT-80 | D54: =[1]Theory!B68 -> Ali Raza | E54: =[1]Theory!D68 -> 8 | F54: 8 | G54: 5 | H54: 7 | I54: =[1]Theory!E68 -> 20 | J54: =[1]Theory!H68 -> 9 | K54: =[1]Theory!F68 -> 9 | L54: 6 | M54: 5 | N54: 6 | O54: =[1]Theory!G68 -> 17 | P54: =E54+I54+J54+K54+O54 -> 63 | Q54: =[1]Theory!J68 -> B | S54: =E54+F54+L54 -> 22 | T54: =G54+H54+K54+M54 -> 26 | U54: =J54+N54 -> 15 | V54: =((S54/$S$7)*100) -> 39.285714 | W54: =((T54/$T$7)*100) -> 59.090909 | X54: =((U54/$U$7)*100) -> 57.692308 | Y54: =IF(V54>=50,"Y","N") -> N | Z54: =IF(W54>=50,"Y","N") -> Y | AA54: =IF(X54>=50,"Y","N") -> Y
B56: Teacher Incharge Signature | F56: Incharge Department Signature
B57: Engr. M Talha Jahangir | F57: (Engr. M. Kashan Basit)
B61: =B1 -> MNS - UNIVERSITY OF ENGINEERING AND TECHNOLOGY MULTAN
B62: =E3 -> Title (Code): Programming Fundamental (IT-111) | D62: =S1 -> Fall 2023
D63: =X1 -> Engr. M Talha Jahangir
B64: Activity Sheet Statistics
D67: No. of Students
B68: Sr. No. | C68: PLO | D68: Achieved the PLO | F68: Not Achieved the PLO
B69: 1 | C69: =S6 -> 2 | D69: =COUNTIF($Y$11:$Y$54,Y10) -> 0 | F69: =COUNTIF($Y$11:$Y$54,Z10) -> 44
B70: 2 | C70: =T6 -> 2 | D70: =COUNTIF($Z$11:$Z$54,Z11) -> 36 | F70: =COUNTIF($Z$11:$Z$54,Z10) -> 8
B71: 3 | C71: =U6 -> 4 | D71: =COUNTIF($AA$11:$AA$54,Y10) -> 35 | F71: =COUNTIF($AA$11:$AA$54,Z10) -> 9
C100: Cohert Failure =

Sheet Discrete Structure
B1: =[2]Theory!A1 -> MNS - UNIVERSITY OF ENGINEERING AND TECHNOLOGY MULTAN | L1: =[2]Theory!B4 -> Fall-2023-2027 (Evening-A) | P1: =[2]Theory!H3 -> 1st Semester | S1: =[2]Theory!H4 -> Fall 2023 | W1: =[2]Theory!H5 -> Zain ul abdeen
B2: Activity Sheet | I2: =[2]Theory!B3 -> BS Information Technology | R2: CLO & PLO Assessment
B3: Subject: | E3: =[2]Theory!B5 -> Title (Code): Discrete Structure (IT-113
B4: Component Name | E4: Quiz 1 | F4: Mid Term | J4: C.P | K4: Quiz 2 | L4: Final Term | P4: Total | Q4: Grade | R4: CLOs vs. PLOs
B5: Total Marks | E5: 10 | F5: 30 | J5: 10 | K5: 10 | L5: 16 | M5: 14 | N5: 10 | O5: 40 | P5: =SUM(E5:N5) -> 100 | R5: CLOs | S5: 2 | T5: 3 | U5: 4
B6: Question Components | E6: Q 1 | F6: Q1 | G6: Q2 | H6: Q3 | I6: Total | J6: Q1 | K6: Q1 | L6: Q1 | M6: Q2 | N6: Q3 | O6: Total | R6: PLOs | S6: 2 | T6: 2 | U6: 3
B7: Component Marks | E7: 10 | F7: 10 | G7: 10 | H7: 10 | I7: =F7+G7+H7 -> 30 | J7: 10 | K7: 10 | L7: 10 | M7: 14 | N7: 16 | O7: 40 | P7: =SUM(E7:H7,J7:N7) -> 100 | S7: 44 | T7: 26 | U7: 30
D8: KPI | E8: =E7*0.5 -> 5 | F8: =F7*0.5 -> 5 | G8: =G7*0.5 -> 5 | H8: =H7*0.5 -> 5 | I8: =I7*0.5 -> 15 | J8: =J7*0.5 -> 5 | K8: =K7*0.5 -> 5 | L8: =L7*0.5 -> 5 | ... O8: =O7*0.5 -> 20 | P8: =SUM(E8:H8)+SUM(J8:J8)+SUM(K8:N8) -> 50 | S8: Assessment of CLOs | V8: PLOs Acheivement | X8: PLOs Acheivement
D9: CLO Mapping | E9: 4 | F9: 4 | G9: 2 | H9: 2 | J9: 3 | K9: 2 | L9: 4 | M9: 2 | N9: 3 | S9: =S5 -> 2 | T9: =T5 -> 3 | U9: =U5 -> 4 | V9: =S6 -> 2 | W9: =U6 -> 3 | X9: =S6 -> 2 | Y9: =U6 -> 3
B10: Sr. No. | C10: Registration No. | D10: Student Name | X10: Y | Y10: N
B11: 1 | C11: =[2]Theory!A25 -> 2023-IT-09 | D11: =[2]Theory!B25 -> Mahad Elahi | E11: =[2]Theory!D25 -> 7 | F11: 7 | G11: 7 | H11: 6 | I11: =[2]Theory!E25 -> 20 | J11: =[2]Theory!H25 -> 7 | K11: =[2]Theory!F25 -> 7 | L11: 7 | M11: 14 | N11: 13 | O11: =[2]Theory!G25 -> 34 | P11: =E11+I11+J11+K11+O11 -> 75 | Q11: =[2]Theory!J25 -> B | S11: =G11+H11+K11+M11 -> 34 | T11: =J11+N11 -> 20 | U11: =E11+F11+L11 -> 21 | V11: =(((S11+T11)/($S$7+$T$7))*100) -> 77.142857 | W11: =((U11/$U$7)*100) -> 70 | X11: =IF(V11>=50,"Y","N") -> Y | Y11: =IF(W11>=50,"Y","N") -> Y
B12: 2 | C12: =[2]Theory!A26 -> 2023-IT-15 | D12: =[2]Theory!B26 -> Muhammad Faraz Shabbir | E12: =[2]Theory!D26 -> 0 | F12: 0 | G12: 0 | H12: 0 | I12: =[2]Theory!E26 -> 0 | J12: =[2]Theory!H26 -> 0 | K12: =[2]Theory!F26 -> 0 | L12: 0 | M12: 0 | N12: 0 | O12: =[2]Theory!G26 -> 0 | P12: =E12+I12+J12+K12+O12 -> 0 | Q12: =[2]Theory!J26 -> F | S12: =G12+H12+K12+M12 -> 0 | T12: =J12+N12 -> 0 | U12: =E12+F12+L12 -> 0 | V12: =(((S12+T12)/($S$7+$T$7))*100) -> 0 | W12: =((U12/$U$7)*100) -> 0 | X12: =IF(V12>=50,"Y","N") -> N | Y12: =IF(W12>=50,"Y","N") -> N
B13: 3 | C13: =[2]Theory!A27 -> 2023-IT-17 | D13: =[2]Theory!B27 -> Muhammad Bilal Imtiaz | E13: =[2]Theory!D27 -> 7 | F13: 8 | G13: 7 | H13: 10 | I13: =[2]Theory!E27 -> 25 | J13: =[2]Theory!H27 -> 7 | K13: =[2]Theory!F27 -> 8 | L13: 8 | M13: 14 | N13: 16 | O13: =[2]Theory!G27 -> 38 | P13: =E13+I13+J13+K13+O13 -> 85 | Q13: =[2]Theory!J27 -> A- | S13: =G13+H13+K13+M13 -> 39 | T13: =J13+N13 -> 23 | U13: =E13+F13+L13 -> 23 | V13: =(((S13+T13)/($S$7+$T$7))*100) -> 88.571429 | W13: =((U13/$U$7)*100) -> 76.666667 | X13: =IF(V13>=50,"Y","N") -> Y | Y13: =IF(W13>=50,"Y","N") -> Y
B14: 4 | C14: =[2]Theory!A28 -> 2023-IT-19 | D14: =[2]Theory!B28 -> Abdul Basit | E14: =[2]Theory!D28 -> 8 | F14: 10 | G14: 7 | H14: 8 | I14: =[2]Theory!E28 -> 25 | J14: =[2]Theory!H28 -> 9 | K14: =[2]Theory!F28 -> 7 | L14: 9 | M14: 13 | N14: 16 | O14: =[2]Theory!G28 -> 38 | P14: =E14+I14+J14+K14+O14 -> 87 | Q14: =[2]Theory!J28 -> A- | S14: =G14+H14+K14+M14 -> 35 | T14: =J14+N14 -> 25 | U14: =E14+F14+L14 -> 27 | V14: =(((S14+T14)/($S$7+$T$7))*100) -> 85.714286 | W14: =((U14/$U$7)*100) -> 90 | X14: =IF(V14>=50,"Y","N") -> Y | Y14: =IF(W14>=50,"Y","N") -> Y
B15: 5 | C15: =[2]Theory!A29 -> 2023-IT-21 | D15: =[2]Theory!B29 -> Zain Jameel | E15: =[2]Theory!D29 -> 7 | F15: 10 | G15: 9 | H15: 6 | I15: =[2]Theory!E29 -> 25 | J15: =[2]Theory!H29 -> 8 | K15: =[2]Theory!F29 -> 8 | L15: 8 | M15: 12 | N15: 14 | O15: =[2]Theory!G29 -> 34 | P15: =E15+I15+J15+K15+O15 -> 82 | Q15: =[2]Theory!J29 -> B+ | S15: =G15+H15+K15+M15 -> 35 | T15: =J15+N15 -> 22 | U15: =E15+F15+L15 -> 25 | V15: =(((S15+T15)/($S$7+$T$7))*100) -> 81.428571 | W15: =((U15/$U$7)*100) -> 83.333333 | X15: =IF(V15>=50,"Y","N") -> Y | Y15: =IF(W15>=50,"Y","N") -> Y
B16: 6 | C16: =[2]Theory!A30 -> 2023-IT-23 | D16: =[2]Theory!B30 -> Hafiz Haseeb Ur Rehman | E16: =[2]Theory!D30 -> 7 | F16: 8 | G16: 6 | H16: 8 | I16: =[2]Theory!E30 -> 22 | J16: =[2]Theory!H30 -> 6 | K16: =[2]Theory!F30 -> 7 | L16: 10 | M16: 12 | N16: 11 | O16: =[2]Theory!G30 -> 33 | P16: =E16+I16+J16+K16+O16 -> 75 | Q16: =[2]Theory!J30 -> B | S16: =G16+H16+K16+M16 -> 33 | T16: =J16+N16 -> 17 | U16: =E16+F16+L16 -> 25 | V16: =(((S16+T16)/($S$7+$T$7))*100) -> 71.428571 | W16: =((U16/$U$7)*100) -> 83.333333 | X16: =IF(V16>=50,"Y","N") -> Y | Y16: =IF(W16>=50,"Y","N") -> Y
B17: 7 | C17: =[2]Theory!A31 -> 2023-IT-25 | D17: =[2]Theory!B31 -> Muhammad Muzammil | E17: =[2]Theory!D31 -> 7 | F17: 7 | G17: 5 | H17: 5 | I17: =[2]Theory!E31 -> 17 | J17: =[2]Theory!H31 -> 7 | K17: =[2]Theory!F31 -> 7 | L17: 8 | M17: 10 | N17: 12 | O17: =[2]Theory!G31 -> 30 | P17: =E17+I17+J17+K17+O17 -> 68 | Q17: =[2]Theory!J31 -> C+ | S17: =G17+H17+K17+M17 -> 27 | T17: =J17+N17 -> 19 | U17: =E17+F17+L17 -> 22 | V17: =(((S17+T17)/($S$7+$T$7))*100) -> 65.714286 | W17: =((U17/$U$7)*100) -> 73.333333 | X17: =IF(V17>=50,"Y","N") -> Y | Y17: =IF(W17>=50,"Y","N") -> Y
B18: 8 | C18: =[2]Theory!A32 -> 2023-IT-27 | D18: =[2]Theory!B32 -> Talha Irfan | E18: =[2]Theory!D32 -> 8 | F18: 10 | G18: 7 | H18: 10 | I18: =[2]Theory!E32 -> 27 | J18: =[2]Theory!H32 -> 8 | K18: =[2]Theory!F32 -> 9 | L18: 10 | M18: 13 | N18: 16 | O18: =[2]Theory!G32 -> 39 | P18: =E18+I18+J18+K18+O18 -> 91 | Q18: =[2]Theory!J32 -> A | S18: =G18+H18+K18+M18 -> 39 | T18: =J18+N18 -> 24 | U18: =E18+F18+L18 -> 28 | V18: =(((S18+T18)/($S$7+$T$7))*100) -> 90 | W18: =((U18/$U$7)*100) -> 93.333333 | X18: =IF(V18>=50,"Y","N") -> Y | Y18: =IF(W18>=50,"Y","N") -> Y
B19: 9 | C19: =[2]Theory!A33 -> 2023-IT-29 | D19: =[2]Theory!B33 -> Husnain Abbas | E19: =[2]Theory!D33 -> 8 | F19: 8 | G19: 8 | H19: 2 | I19: =[2]Theory!E33 -> 18 | J19: =[2]Theory!H33 -> 8 | K19: =[2]Theory!F33 -> 8 | L19: 10 | M19: 10 | N19: 14 | O19: =[2]Theory!G33 -> 34 | P19: =E19+I19+J19+K19+O19 -> 76 | Q19: =[2]Theory!J33 -> B | S19: =G19+H19+K19+M19 -> 28 | T19: =J19+N19 -> 22 | U19: =E19+F19+L19 -> 26 | V19: =(((S19+T19)/($S$7+$T$7))*100) -> 71.428571 | W19: =((U19/$U$7)*100) -> 86.666667 | X19: =IF(V19>=50,"Y","N") -> Y | Y19: =IF(W19>=50,"Y","N") -> Y
B20: 10 | C20: =[2]Theory!A34 -> 2023-IT-30 | D20: =[2]Theory!B34 -> Umair Ahmad | E20: =[2]Theory!D34 -> 8 | F20: 6 | G20: 5 | H20: 3 | I20: =[2]Theory!E34 -> 14 | J20: =[2]Theory!H34 -> 8 | K20: =[2]Theory!F34 -> 8 | L20: 8 | M20: 10 | N20: 14 | O20: =[2]Theory!G34 -> 32 | P20: =E20+I20+J20+K20+O20 -> 70 | Q20: =[2]Theory!J34 -> B- | S20: =G20+H20+K20+M20 -> 26 | T20: =J20+N20 -> 22 | U20: =E20+F20+L20 -> 22 | V20: =(((S20+T20)/($S$7+$T$7))*100) -> 68.571429 | W20: =((U20/$U$7)*100) -> 73.333333 | X20: =IF(V20>=50,"Y","N") -> Y | Y20: =IF(W20>=50,"Y","N") -> Y
B21: 11 | C21: =[2]Theory!A35 -> 2023-IT-31 | D21: =[2]Theory!B35 -> Muhammad Talha Munir | E21: =[2]Theory!D35 -> 6 | F21: 8 | G21: 8 | H21: 8 | I21: =[2]Theory!E35 -> 24 | J21: =[2]Theory!H35 -> 6 | K21: =[2]Theory!F35 -> 7 | L21: 10 | M21: 10 | N21: 12 | O21: =[2]Theory!G35 -> 32 | P21: =E21+I21+J21+K21+O21 -> 75 | Q21: =[2]Theory!J35 -> B | S21: =G21+H21+K21+M21 -> 33 | T21: =J21+N21 -> 18 | U21: =E21+F21+L21 -> 24 | V21: =(((S21+T21)/($S$7+$T$7))*100) -> 72.857143 | W21: =((U21/$U$7)*100) -> 80 | X21: =IF(V21>=50,"Y","N") -> Y | Y21: =IF(W21>=50,"Y","N") -> Y
B22: 12 | C22: =[2]Theory!A36 -> 2023-IT-33 | D22: =[2]Theory!B36 -> Muhammad Saleem | E22: =[2]Theory!D36 -> 8 | F22: 10 | G22: 7 | H22: 3 | I22: =[2]Theory!E36 -> 20 | J22: =[2]Theory!H36 -> 8 | K22: =[2]Theory!F36 -> 9 | L22: 5 | M22: 9 | N22: 11 | O22: =[2]Theory!G36 -> 25 | P22: =E22+I22+J22+K22+O22 -> 70 | Q22: =[2]Theory!J36 -> B- | S22: =G22+H22+K22+M22 -> 28 | T22: =J22+N22 -> 19 | U22: =E22+F22+L22 -> 23 | V22: =(((S22+T22)/($S$7+$T$7))*100) -> 67.142857 | W22: =((U22/$U$7)*100) -> 76.666667 | X22: =IF(V22>=50,"Y","N") -> Y | Y22: =IF(W22>=50,"Y","N") -> Y
... B47: 37 | C47: =[2]Theory!A61 -> 2023-IT-82 | D47: =[2]Theory!B61 -> Muhammad Umer | E47: =[2]Theory!D61 -> 8 | F47: 10 | G47: 6 | H47: 7 | I47: =[2]Theory!E61 -> 23 | J47: =[2]Theory!H61 -> 8 | K47: =[2]Theory!F61 -> 7 | L47: 10 | M47: 12 | N47: 16 | O47: =[2]Theory!G61 -> 38 | P47: =E47+I47+J47+K47+O47 -> 84 | Q47: =[2]Theory!J61 -> B+ | S47: =G47+H47+K47+M47 -> 32 | T47: =J47+N47 -> 24 | U47: =E47+F47+L47 -> 28 | V47: =(((S47+T47)/($S$7+$T$7))*100) -> 80 | W47: =((U47/$U$7)*100) -> 93.333333 | X47: =IF(V47>=50,"Y","N") -> Y | Y47: =IF(W47>=50,"Y","N") -> Y
B48: 38
B49: 39
B50: 40
B51: 41
B52: 42
B53: 43
B54: 44
B57: Teacher Incharge Signature
B58: =D64 -> Zain ul abdeen | F58: (Engr. M. Kashan Basit)
B62: =B1 -> MNS - UNIVERSITY OF ENGINEERING AND TECHNOLOGY MULTAN
B63: =E3 -> Title (Code): Discrete Structure (IT-113 | D63: =S1 -> Fall 2023
D64: =W1 -> Zain ul abdeen
B65: Activity Sheet Statistics
D68: No. of Students
B69: Sr. No. | C69: PLO | D69: Achieved the PLO | F69: Not Achieved the PLO
B70: 1 | C70: =S6 -> 2 | D70: =COUNTIF($X$11:$X$55,X10) -> 30 | F70: =COUNTIF($X$11:$X$55,Y10) -> 7
B71: 3 | C71: =U6 -> 3 | D71: =COUNTIF($Y$11:$Y$55,X10) -> 33 | F71: =COUNTIF($Y$11:$Y$55,Y10) -> 4
C100: Cohert Failure =

Sheet Calculus and Analytic Geometry
B1: =[3]Theory!A1 -> MNS - UNIVERSITY OF ENGINEERING AND TECHNOLOGY MULTAN | L1: =[3]Theory!B4 -> Fall-2023-2027 (Evening-A) | P1: =[3]Theory!H3 -> 1st Semester | S1: =[3]Theory!H4 -> Fall 2023 | X1: =[3]Theory!H5 -> Muhammad Aamir
B2: Activity Sheet | I2: =[3]Theory!B3 -> BS Information Technology | R2: CLO & PLO Assessment
B3: Subject: | E3: =[3]Theory!B5 -> Title (Code): Calculus and Analytical Geometry (MTH-114)
B4: Component Name | E4: Quiz 1 | F4: Mid Term | J4: C.P | K4: Quiz 2 | L4: Final Term | P4: Total | Q4: Grade | R4: CLOs vs. PLOs
B5: Total Marks | E5: 10 | F5: 30 | J5: 10 | K5: 10 | L5: 16 | M5: 14 | N5: 10 | O5: 40 | P5: =SUM(E5:N5) -> 100 | R5: CLOs | S5: 1 | T5: 2
B6: Question Components | E6: Q 1 | F6: Q1 | G6: Q2 | H6: Q3 | I6: Total | J6: Q1 | K6: Q1 | L6: Q1 | M6: Q2 | N6: Q3 | O6: Total | R6: PLOs | S6: 2 | T6: 3
B7: Component Marks | E7: 10 | F7: 10 | G7: 10 | H7: 10 | I7: =F7+G7+H7 -> 30 | J7: 10 | K7: 10 | L7: 10 | M7: 14 | N7: 16 | O7: 40 | P7: =SUM(E7:H7,J7:N7) -> 100 | S7: 56 | T7: =G7+H7+K7+M7 -> 44
D8: KPI | E8: =E7*0.5 -> 5 | F8: =F7*0.5 -> 5 | G8: =G7*0.5 -> 5 | H8: =H7*0.5 -> 5 | I8: =I7*0.5 -> 15 | J8: =J7*0.5 -> 5 | K8: =K7*0.5 -> 5 | L8: =L7*0.5 -> 5 | ... O8: =O7*0.5 -> 20 | P8: =SUM(E8:H8)+SUM(J8:J8)+SUM(K8:N8) -> 50 | S8: Assessment of CLOs | V8: PLOs Acheivement | Y8: PLOs Acheivement
D9: CLO Mapping | E9: 1 | F9: 1 | G9: 2 | H9: 2 | J9: 1 | K9: 2 | L9: 1 | M9: 2 | N9: 1 | S9: =S5 -> 1 | T9: =T5 -> 2 | U9: 3 | V9: 2 | W9: 3 | Y9: =S6 -> 2 | Z9: =T6 -> 3
B10: Sr. No. | C10: Registration No. | D10: Student Name | Y10: Y | Z10: N
B11: 1 | C11: =[3]Theory!A25 -> 2023-IT-01 | D11: =[3]Theory!B25 -> Rahma Noor | E11: =[3]Theory!D25 -> 3 | F11: 10 | G11: 6 | H11: 8 | I11: =[3]Theory!E25 -> 24 | J11: =[3]Theory!H25 -> 10 | K11: =[3]Theory!F25 -> 8 | L11: 5 | M11: 12 | N11: 14 | O11: =[3]Theory!G25 -> 31 | P11: =E11+I11+J11+K11+O11 -> 76 | Q11: =[3]Theory!J25 -> A- | S11: =E11+F11+L11+J11+N11 -> 42 | T11: =G11+H11+K11+M11 -> 34 | V11: =((S11/$S$7)*100) -> 75 | W11: =((T11/$T$7)*100) -> 77.272727 | Y11: =IF(V11>=50,"Y","N") -> Y | Z11: =IF(W11>=50,"Y","N") -> Y
B12: 2 | C12: =[3]Theory!A26 -> 2023-IT-02 | D12: =[3]Theory!B26 -> Alishba Manzoor | E12: =[3]Theory!D26 -> 8 | F12: 8 | G12: 5 | H12: 6 | I12: =[3]Theory!E26 -> 19 | J12: =[3]Theory!H26 -> 10 | K12: =[3]Theory!F26 -> 8 | L12: 3 | M12: 4 | N12: 7 | O12: =[3]Theory!G26 -> 14 | P12: =E12+I12+J12+K12+O12 -> 59 | Q12: =[3]Theory!J26 -> B | S12: =E12+F12+L12+J12+N12 -> 36 | T12: =G12+H12+K12+M12 -> 23 | V12: =((S12/$S$7)*100) -> 64.285714 | W12: =((T12/$T$7)*100) -> 52.272727 | Y12: =IF(V12>=50,"Y","N") -> Y | Z12: =IF(W12>=50,"Y","N") -> Y
B13: 3 | C13: =[3]Theory!A27 -> 2023-IT-03 | D13: =[3]Theory!B27 -> Maheen Fatima | E13: =[3]Theory!D27 -> 6 | F13: 8 | G13: 8 | H13: 7 | I13: =[3]Theory!E27 -> 23 | J13: =[3]Theory!H27 -> 8 | K13: =[3]Theory!F27 -> 8 | L13: 4 | M13: 8 | N13: 6 | O13: =[3]Theory!G27 -> 18 | P13: =E13+I13+J13+K13+O13 -> 63 | Q13: =[3]Theory!J27 -> B+ | S13: =E13+F13+L13+J13+N13 -> 32 | T13: =G13+H13+K13+M13 -> 31 | V13: =((S13/$S$7)*100) -> 57.142857 | W13: =((T13/$T$7)*100) -> 70.454545 | Y13: =IF(V13>=50,"Y","N") -> Y | Z13: =IF(W13>=50,"Y","N") -> Y
B14: 4 | C14: =[3]Theory!A28 -> 2023-IT-04 | D14: =[3]Theory!B28 -> Aneela | E14: =[3]Theory!D28 -> 6 | F14: 8 | G14: 6 | H14: 7 | I14: =[3]Theory!E28 -> 22 | J14: =[3]Theory!H28 -> 8 | K14: =[3]Theory!F28 -> 0 | L14: 3 | M14: 11 | N14: 8 | O14: =[3]Theory!G28 -> 22 | P14: =E14+I14+J14+K14+O14 -> 58 | Q14: =[3]Theory!J28 -> B | S14: =E14+F14+L14+J14+N14 -> 33 | T14: =G14+H14+K14+M14 -> 24 | V14: =((S14/$S$7)*100) -> 58.928571 | W14: =((T14/$T$7)*100) -> 54.545455 | Y14: =IF(V14>=50,"Y","N") -> Y | Z14: =IF(W14>=50,"Y","N") -> Y
B15: 5 | C15: =[3]Theory!A29 -> 2023-IT-05 | D15: =[3]Theory!B29 -> Alishba Saleem | E15: =[3]Theory!D29 -> 3 | F15: 10 | G15: 5 | H15: 6 | I15: =[3]Theory!E29 -> 21 | J15: =[3]Theory!H29 -> 8 | K15: =[3]Theory!F29 -> 9 | L15: 5 | M15: 8 | N15: 10 | O15: =[3]Theory!G29 -> 23 | P15: =E15+I15+J15+K15+O15 -> 64 | Q15: =[3]Theory!J29 -> B+ | S15: =E15+F15+L15+J15+N15 -> 36 | T15: =G15+H15+K15+M15 -> 28 | V15: =((S15/$S$7)*100) -> 64.285714 | W15: =((T15/$T$7)*100) -> 63.636364 | Y15: =IF(V15>=50,"Y","N") -> Y | Z15: =IF(W15>=50,"Y","N") -> Y
B16: 6 | C16: =[3]Theory!A30 -> 2023-IT-06 | D16: =[3]Theory!B30 -> Mehak Asghar | E16: =[3]Theory!D30 -> 10 | F16: 7 | G16: 10 | H16: 10 | I16: =[3]Theory!E30 -> 27 | J16: =[3]Theory!H30 -> 8 | K16: =[3]Theory!F30 -> 9 | L16: 5 | M16: 10 | N16: 15 | O16: =[3]Theory!G30 -> 30 | P16: =E16+I16+J16+K16+O16 -> 84 | Q16: =[3]Theory!J30 -> A | S16: =E16+F16+L16+J16+N16 -> 45 | T16: =G16+H16+K16+M16 -> 39 | V16: =((S16/$S$7)*100) -> 80.357143 | W16: =((T16/$T$7)*100) -> 88.636364 | Y16: =IF(V16>=50,"Y","N") -> Y | Z16: =IF(W16>=50,"Y","N") -> Y
B17: 7 | C17: =[3]Theory!A31 -> 2023-IT-07 | D17: =[3]Theory!B31 -> Humaira Afzal | E17: =[3]Theory!D31 -> 4 | F17: 10 | G17: 6 | H17: 6 | I17: =[3]Theory!E31 -> 22 | J17: =[3]Theory!H31 -> 8 | K17: =[3]Theory!F31 -> 9 | L17: 5 | M17: 8 | N17: 10 | O17: =[3]Theory!G31 -> 23 | P17: =E17+I17+J17+K17+O17 -> 66 | Q17: =[3]Theory!J31 -> B+ | S17: =E17+F17+L17+J17+N17 -> 37 | T17: =G17+H17+K17+M17 -> 29 | V17: =((S17/$S$7)*100) -> 66.071429 | W17: =((T17/$T$7)*100) -> 65.909091 | Y17: =IF(V17>=50,"Y","N") -> Y | Z17: =IF(W17>=50,"Y","N") -> Y
B18: 8 | C18: =[3]Theory!A32 -> 2023-IT-08 | D18: =[3]Theory!B32 -> Saleena Khan | E18: =[3]Theory!D32 -> 0 | F18: 0 | G18: 0 | H18: 0 | I18: =[3]Theory!E32 -> 0 | J18: =[3]Theory!H32 -> 0 | K18: =[3]Theory!F32 -> 0 | L18: 0 | M18: 0 | N18: 0 | O18: =[3]Theory!G32 -> 0 | P18: =E18+I18+J18+K18+O18 -> 0 | Q18: =[3]Theory!J32 -> F | S18: =E18+F18+L18+J18+N18 -> 0 | T18: =G18+H18+K18+M18 -> 0 | V18: =((S18/$S$7)*100) -> 0 | W18: =((T18/$T$7)*100) -> 0 | Y18: =IF(V18>=50,"Y","N") -> N | Z18: =IF(W18>=50,"Y","N") -> N
B19: 9 | C19: =[3]Theory!A33 -> 2023-IT-10 | D19: =[3]Theory!B33 -> Asad Ullah | E19: =[3]Theory!D33 -> 4 | F19: 4 | G19: 2 | H19: 1 | I19: =[3]Theory!E33 -> 7 | J19: =[3]Theory!H33 -> 9 | K19: =[3]Theory!F33 -> 6 | L19: 7 | M19: 2 | N19: 0 | O19: =[3]Theory!G33 -> 9 | P19: =E19+I19+J19+K19+O19 -> 35 | Q19: =[3]Theory!J33 -> D | S19: =E19+F19+L19+J19+N19 -> 24 | T19: =G19+H19+K19+M19 -> 11 | V19: =((S19/$S$7)*100) -> 42.857143 | W19: =((T19/$T$7)*100) -> 25 | Y19: =IF(V19>=50,"Y","N") -> N | Z19: =IF(W19>=50,"Y","N") -> N
B20: 10 | C20: =[3]Theory!A34 -> 2023-IT-11 | D20: =[3]Theory!B34 -> Rana Talha dawood | E20: =[3]Theory!D34 -> 6 | F20: 4 | G20: 4 | H20: 3 | I20: =[3]Theory!E34 -> 11 | J20: =[3]Theory!H34 -> 8 | K20: =[3]Theory!F34 -> 8 | L20: 7 | M20: 10 | N20: 10 | O20: =[3]Theory!G34 -> 27 | P20: =E20+I20+J20+K20+O20 -> 60 | Q20: =[3]Theory!J34 -> B | S20: =E20+F20+L20+J20+N20 -> 35 | T20: =G20+H20+K20+M20 -> 25 | V20: =((S20/$S$7)*100) -> 62.5 | W20: =((T20/$T$7)*100) -> 56.818182 | Y20: =IF(V20>=50,"Y","N") -> Y | Z20: =IF(W20>=50,"Y","N") -> Y
B21: 11 | C21: =[3]Theory!A35 -> 2023-IT-12 | D21: =[3]Theory!B35 -> Ali Ahmad | E21: =[3]Theory!D35 -> 3 | F21: 8 | G21: 5 | H21: 4 | I21: =[3]Theory!E35 -> 17 | J21: =[3]Theory!H35 -> 7 | K21: =[3]Theory!F35 -> 7 | L21: 4 | M21: 8 | N21: 12 | O21: =[3]Theory!G35 -> 24 | P21: =E21+I21+J21+K21+O21 -> 58 | Q21: =[3]Theory!J35 -> B | S21: =E21+F21+L21+J21+N21 -> 34 | T21: =G21+H21+K21+M21 -> 24 | V21: =((S21/$S$7)*100) -> 60.714286 | W21: =((T21/$T$7)*100) -> 54.545455 | Y21: =IF(V21>=50,"Y","N") -> Y | Z21: =IF(W21>=50,"Y","N") -> Y
B22: 12 | C22: =[3]Theory!A36 -> 2023-IT-13 | D22: =[3]Theory!B36 -> Muhammad Daud | E22: =[3]Theory!D36 -> 7 | F22: 3 | G22: 4 | H22: 3 | I22: =[3]Theory!E36 -> 10 | J22: =[3]Theory!H36 -> 9 | K22: =[3]Theory!F36 -> 7 | L22: 5 | M22: 6 | N22: 2 | O22: =[3]Theory!G36 -> 13 | P22: =E22+I22+J22+K22+O22 -> 46 | Q22: =[3]Theory!J36 -> C | S22: =E22+F22+L22+J22+N22 -> 26 | T22: =G22+H22+K22+M22 -> 20 | V22: =((S22/$S$7)*100) -> 46.428571 | W22: =((T22/$T$7)*100) -> 45.454545 | Y22: =IF(V22>=50,"Y","N") -> N | Z22: =IF(W22>=50,"Y","N") -> N
... B28: 18 | C28: =[3]Theory!A42 -> 2023-IT-24 | D28: =[3]Theory!B42 -> Sher Shah Hussain | E28: =[3]Theory!D42 -> 6 | F28: 9 | G28: 7 | H28: 7 | I28: =[3]Theory!E42 -> 23 | J28: =[3]Theory!H42 -> 8 | K28: =[3]Theory!F42 -> 8 | L28: 4 | M28: 5 | N28: 10 | O28: =[3]Theory!G42 -> 19 | P28: =E28+I28+J28+K28+O28 -> 64 | Q28: =[3]Theory!J42 -> B+ | S28: =E28+F28+L28+J28+N28 -> 37 | T28: =G28+H28+K28+M28 -> 27 | V28: =((S28/$S$7)*100) -> 66.071429 | W28: =((T28/$T$7)*100) -> 61.363636 | Y28: =IF(V28>=50,"Y","N") -> Y | Z28: =IF(W28>=50,"Y","N") -> Y
B29: 19 | C29: =[3]Theory!A43 -> 2023-IT-26 | D29: =[3]Theory!B43 -> Abdul Ahad | E29: =[3]Theory!D43 -> 0 | F29: 0 | G29: 0 | H29: 0 | I29: 0 | J29: =[3]Theory!H43 -> 0 | K29: =[3]Theory!F43 -> 0 | L29: 0 | M29: 0 | N29: 0 | O29: =[3]Theory!G43 -> 0 | P29: =E29+I29+J29+K29+O29 -> 0 | Q29: =[3]Theory!J43 -> F | S29: =E29+F29+L29+J29+N29 -> 0 | T29: =G29+H29+K29+M29 -> 0 | V29: =((S29/$S$7)*100) -> 0 | W29: =((T29/$T$7)*100) -> 0 | Y29: =IF(V29>=50,"Y","N") -> N | Z29: =IF(W29>=50,"Y","N") -> N
B30: 20 | C30: =[3]Theory!A44 -> 2023-IT-28 | D30: =[3]Theory!B44 -> Ahmad Latif | E30: =[3]Theory!D44 -> 3 | F30: 4 | G30: 1 | H30: 1 | I30: =[3]Theory!E44 -> 6 | J30: =[3]Theory!H44 -> 10 | K30: =[3]Theory!F44 -> 9 | L30: 6 | M30: 2 | N30: 0 | O30: =[3]Theory!G44 -> 8 | P30: =E30+I30+J30+K30+O30 -> 36 | Q30: =[3]Theory!J44 -> D | S30: =E30+F30+L30+J30+N30 -> 23 | T30: =G30+H30+K30+M30 -> 13 | V30: =((S30/$S$7)*100) -> 41.071429 | W30: =((T30/$T$7)*100) -> 29.545455 | Y30: =IF(V30>=50,"Y","N") -> N | Z30: =IF(W30>=50,"Y","N") -> N
B31: 21 | C31: =[3]Theory!A45 -> 2023-IT-32 | D31: =[3]Theory!B45 -> Muhammad Faisal | E31: =[3]Theory!D45 -> 6 | F31: 9 | G31: 9 | H31: 5 | I31: =[3]Theory!E45 -> 23 | J31: =[3]Theory!H45 -> 8 | K31: =[3]Theory!F45 -> 8 | L31: 5 | M31: 8 | N31: 10 | O31: =[3]Theory!G45 -> 23 | P31: =E31+I31+J31+K31+O31 -> 68 | Q31: =[3]Theory!J45 -> B+ | S31: =E31+F31+L31+J31+N31 -> 38 | T31: =G31+H31+K31+M31 -> 30 | V31: =((S31/$S$7)*100) -> 67.857143 | W31: =((T31/$T$7)*100) -> 68.181818 | Y31: =IF(V31>=50,"Y","N") -> Y | Z31: =IF(W31>=50,"Y","N") -> Y
B32: 22 | C32: =[3]Theory!A46 -> 2023-IT-34 | D32: =[3]Theory!B46 -> Jamshaid Abbas | E32: =[3]Theory!D46 -> 4 | F32: 3 | G32: 2 | H32: 1 | I32: =[3]Theory!E46 -> 6 | J32: =[3]Theory!H46 -> 10 | K32: =[3]Theory!F46 -> 6 | L32: 8 | M32: 1 | N32: 1 | O32: =[3]Theory!G46 -> 10 | P32: =E32+I32+J32+K32+O32 -> 36 | Q32: =[3]Theory!J46 -> D | S32: =E32+F32+L32+J32+N32 -> 26 | T32: =G32+H32+K32+M32 -> 10 | V32: =((S32/$S$7)*100) -> 46.428571 | W32: =((T32/$T$7)*100) -> 22.727273 | Y32: =IF(V32>=50,"Y","N") -> N | Z32: =IF(W32>=50,"Y","N") -> N
B33: 23 | C33: =[3]Theory!A47 -> 2023-IT-38 | D33: =[3]Theory!B47 -> Sherzaman Bukhari | E33: =[3]Theory!D47 -> 5 | F33: 7 | G33: 3 | H33: 6 | I33: =[3]Theory!E47 -> 16 | J33: =[3]Theory!H47 -> 8 | K33: =[3]Theory!F47 -> 8 | L33: 6 | M33: 8 | N33: 10 | O33: =[3]Theory!G47 -> 24 | P33: =E33+I33+J33+K33+O33 -> 61 | Q33: =[3]Theory!J47 -> B | S33: =E33+F33+L33+J33+N33 -> 36 | T33: =G33+H33+K33+M33 -> 25 | V33: =((S33/$S$7)*100) -> 64.285714 | W33: =((T33/$T$7)*100) -> 56.818182 | Y33: =IF(V33>=50,"Y","N") -> Y | Z33: =IF(W33>=50,"Y","N") -> Y
B34: 24 | C34: =[3]Theory!A48 -> 2023-IT-40 | D34: =[3]Theory!B48 -> Ahmad Raza Shareef | E34: =[3]Theory!D48 -> 5 | F34: 8 | G34: 2 | H34: 3 | I34: =[3]Theory!E48 -> 13 | J34: =[3]Theory!H48 -> 10 | K34: =[3]Theory!F48 -> 9 | L34: 4 | M34: 6 | N34: 7 | O34: =[3]Theory!G48 -> 17 | P34: =E34+I34+J34+K34+O34 -> 54 | Q34: =[3]Theory!J48 -> B- | S34: =E34+F34+L34+J34+N34 -> 34 | T34: =G34+H34+K34+M34 -> 20 | V34: =((S34/$S$7)*100) -> 60.714286 | W34: =((T34/$T$7)*100) -> 45.454545 | Y34: =IF(V34>=50,"Y","N") -> Y | Z34: =IF(W34>=50,"Y","N") -> N
B35: 25 | C35: =[3]Theory!A49 -> 2023-IT-41 | D35: =[3]Theory!B49 -> Anas Noor | E35: =[3]Theory!D49 -> 5 | F35: 3 | G35: 1 | H35: 1 | I35: =[3]Theory!E49 -> 5 | J35: =[3]Theory!H49 -> 9 | K35: =[3]Theory!F49 -> 7 | L35: 7 | M35: 1 | N35: 2 | O35: =[3]Theory!G49 -> 10 | P35: =E35+I35+J35+K35+O35 -> 36 | Q35: =[3]Theory!J49 -> D | S35: =E35+F35+L35+J35+N35 -> 26 | T35: =G35+H35+K35+M35 -> 10 | V35: =((S35/$S$7)*100) -> 46.428571 | W35: =((T35/$T$7)*100) -> 22.727273 | Y35: =IF(V35>=50,"Y","N") -> N | Z35: =IF(W35>=50,"Y","N") -> N
B36: 26 | C36: =[3]Theory!A50 -> 2023-IT-42 | D36: =[3]Theory!B50 -> Muhammad Moosa Bhatti | E36: =[3]Theory!D50 -> 3 | F36: 8 | G36: 2 | H36: 1 | I36: =[3]Theory!E50 -> 11 | J36: =[3]Theory!H50 -> 8 | K36: =[3]Theory!F50 -> 7 | L36: 3 | M36: 8 | N36: 9 | O36: =[3]Theory!G50 -> 20 | P36: =E36+I36+J36+K36+O36 -> 49 | Q36: =[3]Theory!J50 -> C+ | S36: =E36+F36+L36+J36+N36 -> 31 | T36: =G36+H36+K36+M36 -> 18 | V36: =((S36/$S$7)*100) -> 55.357143 | W36: =((T36/$T$7)*100) -> 40.909091 | Y36: =IF(V36>=50,"Y","N") -> Y | Z36: =IF(W36>=50,"Y","N") -> N
B37: 27 | C37: =[3]Theory!A51 -> 2023-IT-44 | D37: =[3]Theory!B51 -> Muhammad Nouman Aslam | E37: =[3]Theory!D51 -> 5 | F37: 9 | G37: 5 | H37: 8 | I37: =[3]Theory!E51 -> 22 | J37: =[3]Theory!H51 -> 7 | K37: =[3]Theory!F51 -> 6 | L37: 3 | M37: 6 | N37: 10 | O37: =[3]Theory!G51 -> 19 | P37: =E37+I37+J37+K37+O37 -> 59 | Q37: =[3]Theory!J51 -> B | S37: =E37+F37+L37+J37+N37 -> 34 | T37: =G37+H37+K37+M37 -> 25 | V37: =((S37/$S$7)*100) -> 60.714286 | W37: =((T37/$T$7)*100) -> 56.818182 | Y37: =IF(V37>=50,"Y","N") -> Y | Z37: =IF(W37>=50,"Y","N") -> Y
B38: 28 | C38: =[3]Theory!A52 -> 2023-IT-46 | D38: =[3]Theory!B52 -> Muhammad Haseeb Anjum | E38: =[3]Theory!D52 -> 9 | F38: 8 | G38: 10 | H38: 8 | I38: =[3]Theory!E52 -> 26 | J38: =[3]Theory!H52 -> 8 | K38: =[3]Theory!F52 -> 10 | L38: 10 | M38: 14 | N38: 15 | O38: =[3]Theory!G52 -> 39 | P38: =E38+I38+J38+K38+O38 -> 92 | Q38: =[3]Theory!J52 -> A+ | S38: =E38+F38+L38+J38+N38 -> 50 | T38: =G38+H38+K38+M38 -> 42 | V38: =((S38/$S$7)*100) -> 89.285714 | W38: =((T38/$T$7)*100) -> 95.454545 | Y38: =IF(V38>=50,"Y","N") -> Y | Z38: =IF(W38>=50,"Y","N") -> Y
B39: 29 | C39: =[3]Theory!A53 -> 2023-IT-48 | D39: =[3]Theory!B53 -> Muhammad Arslan Waheed | E39: =[3]Theory!D53 -> 6 | F39: 8 | G39: 2 | H39: 9 | I39: =[3]Theory!E53 -> 19 | J39: =[3]Theory!H53 -> 8 | K39: =[3]Theory!F53 -> 6 | L39: 8 | M39: 10 | N39: 14 | O39: =[3]Theory!G53 -> 32 | P39: =E39+I39+J39+K39+O39 -> 71 | Q39: =[3]Theory!J53 -> A- | S39: =E39+F39+L39+J39+N39 -> 44 | T39: =G39+H39+K39+M39 -> 27 | V39: =((S39/$S$7)*100) -> 78.571429 | W39: =((T39/$T$7)*100) -> 61.363636 | Y39: =IF(V39>=50,"Y","N") -> Y | Z39: =IF(W39>=50,"Y","N") -> Y
B40: 30 | C40: =[3]Theory!A54 -> 2023-IT-50 | D40: =[3]Theory!B54 -> Hafiz Muhammad Hasnain Saif | E40: =[3]Theory!D54 -> 10 | F40: 8 | G40: 10 | H40: 8 | I40: =[3]Theory!E54 -> 26 | J40: =[3]Theory!H54 -> 8 | K40: =[3]Theory!F54 -> 9 | L40: 2 | M40: 10 | N40: 15 | O40: =[3]Theory!G54 -> 27 | P40: =E40+I40+J40+K40+O40 -> 80 | Q40: =[3]Theory!J54 -> A- | S40: =E40+F40+L40+J40+N40 -> 43 | T40: =G40+H40+K40+M40 -> 37 | V40: =((S40/$S$7)*100) -> 76.785714 | W40: =((T40/$T$7)*100) -> 84.090909 | Y40: =IF(V40>=50,"Y","N") -> Y | Z40: =IF(W40>=50,"Y","N") -> Y
B41: 31 | C41: =[3]Theory!A55 -> 2023-IT-54 | D41: =[3]Theory!B55 -> Muhammad Zeeshan | E41: =[3]Theory!D55 -> 6 | F41: 8 | G41: 4 | H41: 2 | I41: =[3]Theory!E55 -> 14 | J41: =[3]Theory!H55 -> 8 | K41: =[3]Theory!F55 -> 6 | L41: 0 | M41: 6 | N41: 1 | O41: =[3]Theory!G55 -> 7 | P41: =E41+I41+J41+K41+O41 -> 41 | Q41: =[3]Theory!J55 -> C- | S41: =E41+F41+L41+J41+N41 -> 23 | T41: =G41+H41+K41+M41 -> 18 | V41: =((S41/$S$7)*100) -> 41.071429 | W41: =((T41/$T$7)*100) -> 40.909091 | Y41: =IF(V41>=50,"Y","N") -> N | Z41: =IF(W41>=50,"Y","N") -> N
... B54: 44 | C54: =[3]Theory!A68 -> 2023-IT-80 | D54: =[3]Theory!B68 -> Ali Raza | E54: =[3]Theory!D68 -> 1 | F54: 10 | G54: 6 | H54: 4 | I54: =[3]Theory!E68 -> 20 | J54: =[3]Theory!H68 -> 7 | K54: =[3]Theory!F68 -> 7 | L54: 1 | M54: 9 | N54: 4 | O54: =[3]Theory!G68 -> 14 | P54: =E54+I54+J54+K54+O54 -> 49 | Q54: =[3]Theory!J68 -> C+ | S54: =E54+F54+L54+J54+N54 -> 23 | T54: =G54+H54+K54+M54 -> 26 | V54: =((S54/$S$7)*100) -> 41.071429 | W54: =((T54/$T$7)*100) -> 59.090909 | Y54: =IF(V54>=50,"Y","N") -> N | Z54: =IF(W54>=50,"Y","N") -> Y
B57: Teacher Incharge Signature
B58: =D64 -> Muhammad Aamir | F58: (Engr. M. Kashan Basit)
B62: =B1 -> MNS - UNIVERSITY OF ENGINEERING AND TECHNOLOGY MULTAN
B63: =E3 -> Title (Code): Calculus and Analytical Geometry (MTH-114) | D63: =S1 -> Fall 2023
D64: =X1 -> Muhammad Aamir
B65: Activity Sheet Statistics
D68: No. of Students
B69: Sr. No. | C69: PLO | D69: Achieved the PLO | F69: Not Achieved the PLO
B70: 1 | C70: =S6 -> 2 | D70: =COUNTIF($Y$11:$Y$55,Y10) -> 30 | F70: =COUNTIF($Y$11:$Y$55,Z10) -> 14
B71: 2 | C71: =T6 -> 3 | D71: =COUNTIF($Z$11:$Z$55,Z11) -> 24 | F71: =COUNTIF($Z$11:$Z$55,Z10) -> 20
B72: 3 | C72: =U6 -> 0 | D72: =COUNTIF($AA$11:$AA$55,Y10) -> 0 | F72: =COUNTIF($AA$11:$AA$55,Z10) -> 0
C101: Cohert Failure =

Sheet Application of Information & Co
B2: MNS - UNIVERSITY OF ENGINEERING AND TECHNOLOGY MULTAN | N2: Fall 2023 | T2: Evening (A)
B3: Activity Sheet | N3: CLO & PLO Assesment
B4: Subject: | I4: Title (Code): Application of Information & Communication Technologies (IT-112 | N4: Name: Ms. Kanza Hanif
B5: Component Name | E5: =#REF! -> #REF! | I5: =#REF! -> #REF! | J5: =#REF! -> #REF! | K5: =#REF! -> #REF! | L5: Total | M5: Grade | N5: CLOs vs. PLOs
D6: Total Marks | E6: 30 | H6: Total | I6: 20 | J6: 10 | K6: 40 | L6: =E6+I6+J6+K6 -> 100 | N6: CLOs | O6: 1 | P6: 2 | Q6: 3
D7: Question Components | E7: R1 | F7: R2 | G7: R3 | I7: Q1 | J7: Q1 | K7: Q1 | L7: =E8+F8+G8+I8+J8+K8 -> 100 | N7: PLOs | O7: 2 | P7: 3 | Q7: 7
D8: Component Marks | E8: 10 | F8: 10 | G8: 10 | H8: 30 | I8: 20 | J8: 10 | K8: 40 | O8: =E8+J8 -> 20 | P8: =K8 -> 40 | Q8: =F8+G8+I8 -> 40
D9: KPI | E9: =E8*0.5 -> 5 | F9: =F8*0.5 -> 5 | G9: =G8*0.5 -> 5 | H9: =H8*0.5 -> 15 | I9: =I8*0.5 -> 10 | J9: =J8*0.5 -> 5 | K9: =K8*0.5 -> 20 | L9: =L7*0.5 -> 50 | O9: Assessment of CLOs | R9: CLOs Acheivement | U9: PLOs Acheivement
D10: CLO Mapping | E10: 1 | F10: 3 | G10: 3 | I10: 3 | J10: 1 | K10: 2 | O10: =O6 -> 1 | P10: =P6 -> 2 | Q10: 3 | R10: 1 | S10: 2 | T10: 3 | U10: =O7 -> 2 | V10: =P7 -> 3 | W10: =Q7 -> 7
B11: Sr. No. | C11: Registration No. | D11: Registration No. | U11: Y | V11: N
B12: 1 | C12: 2023-IT-01 | D12: Rahma Noor | E12: 6 | F12: 5 | G12: 6 | H12: =SUM(E12:G12) -> 17 | I12: 11 | J12: 6 | K12: 21 | L12: =H12+I12+J12+K12 -> 55 | M12: B | O12: =E12+J12 -> 12 | P12: =K12 -> 21 | Q12: =F12+G12+I12 -> 22 | R12: =((O12/$O$8)*100) -> 60 | S12: =((P12/$P$8)*100) -> 52.5 | T12: =((Q12/$Q$8)*100) -> 55 | U12: =IF(R12>=50,"Y","N") -> Y | V12: =IF(S12>50,"Y","N") -> Y | W12: =IF(T12>50,"Y","N") -> Y
B13: 2 | C13: 2023-IT-02 | D13: Alishba Manzoor | E13: 5 | F13: 6 | G13: 5 | H13: =SUM(E13:G13) -> 16 | I13: 11 | J13: 5 | K13: 15 | L13: =H13+I13+J13+K13 -> 47 | M13: C+ | O13: =E13+J13 -> 10 | P13: =K13 -> 15 | Q13: =F13+G13+I13 -> 22 | R13: =((O13/$O$8)*100) -> 50 | S13: =((P13/$P$8)*100) -> 37.5 | T13: =((Q13/$Q$8)*100) -> 55 | U13: =IF(R13>=50,"Y","N") -> Y | V13: =IF(S13>50,"Y","N") -> N | W13: =IF(T13>50,"Y","N") -> Y
B14: 3 | C14: 2023-IT-03 | D14: Maheen Fatima | E14: 5 | F14: 5 | G14: 8 | H14: =SUM(E14:G14) -> 18 | I14: 11 | J14: 6 | K14: 22 | L14: =H14+I14+J14+K14 -> 57 | M14: B | O14: =E14+J14 -> 11 | P14: =K14 -> 22 | Q14: =F14+G14+I14 -> 24 | R14: =((O14/$O$8)*100) -> 55 | S14: =((P14/$P$8)*100) -> 55 | T14: =((Q14/$Q$8)*100) -> 60 | U14: =IF(R14>=50,"Y","N") -> Y | V14: =IF(S14>50,"Y","N") -> Y | W14: =IF(T14>50,"Y","N") -> Y
B15: 4 | C15: 2023-IT-04 | D15: Aneela | E15: 8 | F15: 7 | G15: 7 | H15: =SUM(E15:G15) -> 22 | I15: 12 | J15: 6 | K15: 21 | L15: =H15+I15+J15+K15 -> 61 | M15: B+ | O15: =E15+J15 -> 14 | P15: =K15 -> 21 | Q15: =F15+G15+I15 -> 26 | R15: =((O15/$O$8)*100) -> 70 | S15: =((P15/$P$8)*100) -> 52.5 | T15: =((Q15/$Q$8)*100) -> 65 | U15: =IF(R15>=50,"Y","N") -> Y | V15: =IF(S15>50,"Y","N") -> Y | W15: =IF(T15>50,"Y","N") -> Y
B16: 5 | C16: 2023-IT-05 | D16: Alishba Saleem | E16: 6 | F16: 5 | G16: 5 | H16: =SUM(E16:G16) -> 16 | I16: 11 | J16: 5 | K16: 22 | L16: =H16+I16+J16+K16 -> 54 | M16: B- | O16: =E16+J16 -> 11 | P16: =K16 -> 22 | Q16: =F16+G16+I16 -> 21 | R16: =((O16/$O$8)*100) -> 55 | S16: =((P16/$P$8)*100) -> 55 | T16: =((Q16/$Q$8)*100) -> 52.5 | U16: =IF(R16>=50,"Y","N") -> Y | V16: =IF(S16>50,"Y","N") -> Y | W16: =IF(T16>50,"Y","N") -> Y
B17: 6 | C17: 2023-IT-06 | D17: Mehak Asghar | E17: 8 | F17: 9 | G17: 8 | H17: =SUM(E17:G17) -> 25 | I17: 15 | J17: 7 | K17: 21 | L17: =H17+I17+J17+K17 -> 68 | M17: A- | O17: =E17+J17 -> 15 | P17: =K17 -> 21 | Q17: =F17+G17+I17 -> 32 | R17: =((O17/$O$8)*100) -> 75 | S17: =((P17/$P$8)*100) -> 52.5 | T17: =((Q17/$Q$8)*100) -> 80 | U17: =IF(R17>=50,"Y","N") -> Y | V17: =IF(S17>50,"Y","N") -> Y | W17: =IF(T17>50,"Y","N") -> Y
B18: 7 | C18: 2023-IT-07 | D18: Humaira Afzal | E18: 5 | F18: 7 | G18: 9 | H18: =SUM(E18:G18) -> 21 | I18: 15 | J18: 8 | K18: 23 | L18: =H18+I18+J18+K18 -> 67 | M18: A- | O18: =E18+J18 -> 13 | P18: =K18 -> 23 | Q18: =F18+G18+I18 -> 31 | R18: =((O18/$O$8)*100) -> 65 | S18: =((P18/$P$8)*100) -> 57.5 | T18: =((Q18/$Q$8)*100) -> 77.5 | U18: =IF(R18>=50,"Y","N") -> Y | V18: =IF(S18>50,"Y","N") -> Y | W18: =IF(T18>50,"Y","N") -> Y
B19: 8 | C19: 2023-IT-08 | D19: Saleena Khan | E19: 0 | F19: 0 | G19: 0 | H19: =SUM(E19:G19) -> 0 | I19: 0 | J19: 0 | K19: 0 | L19: =H19+I19+J19+K19 -> 0 | M19: F | O19: =E19+J19 -> 0 | P19: =K19 -> 0 | Q19: =F19+G19+I19 -> 0 | R19: =((O19/$O$8)*100) -> 0 | S19: =((P19/$P$8)*100) -> 0 | T19: =((Q19/$Q$8)*100) -> 0 | U19: =IF(R19>=50,"Y","N") -> N | V19: =IF(S19>50,"Y","N") -> N | W19: =IF(T19>50,"Y","N") -> N
B20: 9 | C20: 2023-IT-10 | D20: Asad Ullah | E20: 8 | F20: 7 | G20: 6 | H20: =SUM(E20:G20) -> 21 | I20: 13 | J20: 7 | K20: 20 | L20: =H20+I20+J20+K20 -> 61 | M20: B+ | O20: =E20+J20 -> 15 | P20: =K20 -> 20 | Q20: =F20+G20+I20 -> 26 | R20: =((O20/$O$8)*100) -> 75 | S20: =((P20/$P$8)*100) -> 50 | T20: =((Q20/$Q$8)*100) -> 65 | U20: =IF(R20>=50,"Y","N") -> Y | V20: =IF(S20>50,"Y","N") -> N | W20: =IF(T20>50,"Y","N") -> Y
B21: 10 | C21: 2023-IT-11 | D21: Rana Talha dawood | E21: 7 | F21: 6 | G21: 5 | H21: =SUM(E21:G21) -> 18 | I21: 13 | J21: 7 | K21: 20 | L21: =H21+I21+J21+K21 -> 58 | M21: B | O21: =E21+J21 -> 14 | P21: =K21 -> 20 | Q21: =F21+G21+I21 -> 24 | R21: =((O21/$O$8)*100) -> 70 | S21: =((P21/$P$8)*100) -> 50 | T21: =((Q21/$Q$8)*100) -> 60 | U21: =IF(R21>=50,"Y","N") -> Y | V21: =IF(S21>50,"Y","N") -> N | W21: =IF(T21>50,"Y","N") -> Y
B22: 11 | C22: 2023-IT-12 | D22: Ali Ahmad | E22: 5 | F22: 5 | G22: 8 | H22: =SUM(E22:G22) -> 18 | I22: 11 | J22: 5 | K22: 21 | L22: =H22+I22+J22+K22 -> 55 | M22: B | O22: =E22+J22 -> 10 | P22: =K22 -> 21 | Q22: =F22+G22+I22 -> 24 | R22: =((O22/$O$8)*100) -> 50 | S22: =((P22/$P$8)*100) -> 52.5 | T22: =((Q22/$Q$8)*100) -> 60 | U22: =IF(R22>=50,"Y","N") -> Y | V22: =IF(S22>50,"Y","N") -> Y | W22: =IF(T22>50,"Y","N") -> Y
B23: 12 | C23: 2023-IT-13 | D23: Muhammad Daud | E23: 5 | F23: 5 | G23: 5 | H23: =SUM(E23:G23) -> 15 | I23: 10 | J23: 5 | K23: 20 | L23: =H23+I23+J23+K23 -> 50 | M23: B- | O23: =E23+J23 -> 10 | P23: =K23 -> 20 | Q23: =F23+G23+I23 -> 20 | R23: =((O23/$O$8)*100) -> 50 | S23: =((P23/$P$8)*100) -> 50 | T23: =((Q23/$Q$8)*100) -> 50 | U23: =IF(R23>=50,"Y","N") -> Y | V23: =IF(S23>50,"Y","N") -> N | W23: =IF(T23>50,"Y","N") -> N
... B55: 28 | C55: 2023-IT-80 | D55: Ali Raza | E55: 6 | F55: 6 | G55: 5 | H55: =SUM(E55:G55) -> 17 | I55: 6 | J55: 5 | K55: 28 | L55: =H55+I55+J55+K55 -> 56 | M55: B | O55: =E55+J55 -> 11 | P55: =K55 -> 28 | Q55: =F55+G55+I55 -> 17 | R55: =((O55/$O$8)*100) -> 55 | S55: =((P55/$P$8)*100) -> 70 | T55: =((Q55/$Q$8)*100) -> 42.5 | U55: =IF(R55>=50,"Y","N") -> Y | V55: =IF(S55>50,"Y","N") -> Y | W55: =IF(T55>50,"Y","N") -> N
C60: Teacher Incharge Signature | E60: Incharge Department Signature
C61: Ms. Kanza Hanif | E61: (Engr. M. Kashan Basit)
B63: CLO-1 | C63: Follow instructions to identify the knowledge of constructing basic circuits and demonstration of relevant theorems using different electronic components(PLO-2, C-2)
B65: CLO-2 | C65: Practice the experiment as per requirement using modern tools. (PLO-5, P-4)
B67: CLO-3 | C67: Ability to communicate effectively; orally as well as in writing. (PLO-7, A-2)
B70: =B2 -> MNS - UNIVERSITY OF ENGINEERING AND TECHNOLOGY MULTAN
B71: Department of Computer Science
B72: =I4 -> Title (Code): Application of Information & Communication Technologies (IT-112 | D72: =N2 -> Fall 2023
B73: Session 2023 | D73: =T2 -> Evening (A)
B74: Activity Sheet Statistics
D77: No. of Students
B78: Sr. No. | C78: PLO | D78: Achieved the PLO | E78: Not Achieved the PLO | F78: CF
B79: 1 | C79: =O7 -> 2 | D79: =COUNTIF($U$12:$U$55,U12) -> 38 | E79: =COUNTIF($U$12:$U$53,V11) -> 6 | F79: =E79/39*100 -> 15.384615
B80: 2 | C80: =P7 -> 3 | D80: =COUNTIF($U$12:$U$55,U49) -> 6 | E80: =COUNTIF($V$12:$V$53,V11) -> 17 | F80: =E80/39*100 -> 43.589744
B81: 3 | C81: =Q7 -> 7 | D81: =COUNTIF($U$12:$U$55,U50) -> 38 | E81: =COUNTIF($W$12:$W$53,V11) -> 9 | F81: =E81/39*100 -> 23.076923
C110: Cohert Failure =

Sheet Teaching of Holy Quran with Tra
B1: =[4]Theory!A1 -> MNS - UNIVERSITY OF ENGINEERING AND TECHNOLOGY MULTAN | L1: =[4]Theory!B4 -> Fall-2023-2027 (Evening-A) | P1: =[4]Theory!H3 -> 1st Semester | S1: =[4]Theory!H4 -> Fall 2023 | X1: =[4]Theory!H5 -> Abdul Nasir Zamir
B2: Activity Sheet | I2: =[4]Theory!B3 -> BS Information Technology | R2: CLO & PLO Assessment
B3: Subject: | E3: =[4]Theory!B5 -> Title (Code): Teaching of the Holy Quran-I (QS-110)
B4: Component Name | E4: Quiz 1 | F4: Mid Term | J4: C.P | K4: Quiz 2 | L4: Final Term | P4: Total | Q4: Grade | R4: CLOs vs. PLOs
B5: Total Marks | E5: 10 | F5: 30 | J5: 10 | K5: 10 | L5: 16 | M5: 14 | N5: 10 | O5: 40 | P5: =SUM(E5:N5) -> 100 | R5: CLOs | S5: 1 | T5: 2 | U5: 3
B6: Question Components | E6: Q 1 | F6: Q1 | G6: Q2 | H6: Q3 | I6: Total | J6: Q1 | K6: Q1 | L6: Q1 | M6: Q2 | N6: Q3 | O6: Total | R6: PLOs | S6: 1
B7: Component Marks | E7: 10 | F7: 10 | G7: 10 | H7: 10 | I7: =F7+G7+H7 -> 30 | J7: 10 | K7: 10 | L7: 14 | M7: 10 | N7: 16 | O7: 40 | P7: =SUM(E7:H7,J7:N7) -> 100 | S7: 100
D8: KPI | E8: =E7*0.5 -> 5 | F8: =F7*0.5 -> 5 | G8: =G7*0.5 -> 5 | H8: =H7*0.5 -> 5 | I8: =I7*0.5 -> 15 | J8: =J7*0.5 -> 5 | K8: =K7*0.5 -> 5 | L8: =L7*0.5 -> 7 | ... O8: =O7*0.5 -> 20 | P8: =SUM(E8:H8)+SUM(J8:J8)+SUM(K8:N8) -> 50 | S8: Assessment of CLOs | V8: PLOs Acheivement | Y8: PLOs Acheivement
D9: CLO Mapping | E9: 1 | F9: 1 | G9: 2 | H9: 2 | J9: 3 | K9: 2 | L9: 1 | M9: 2 | N9: 3 | S9: =S5 -> 1 | T9: =T5 -> 2 | U9: 3 | V9: 1 | W9: 1 | X9: 1 | Y9: =S6 -> 1
B10: Sr. No. | C10: Registration No. | D10: Student Name | Y10: Y
B11: 1 | C11: =[4]Theory!A25 -> 2023-IT-01 | D11: =[4]Theory!B25 -> Rahma Noor | E11: =[4]Theory!D25 -> 2 | F11: 8 | G11: 8 | H11: 8 | I11: =[4]Theory!E25 -> 24 | J11: =[4]Theory!H25 -> 9 | K11: =[4]Theory!F25 -> 8 | L11: 10 | M11: 10 | N11: 11 | O11: =[4]Theory!G25 -> 31 | P11: =E11+I11+J11+K11+O11 -> 74 | Q11: =[4]Theory!J25 -> B+ | S11: =E11+F11+L11 -> 20 | T11: =G11+H11+K11+M11 -> 34 | U11: =J11+N11 -> 20 | V11: =((SUM(S11:U11)/$S$7)*100) -> 74 | Y11: =IF(V11>=50,"Y","N") -> Y
B12: 2 | C12: =[4]Theory!A26 -> 2023-IT-02 | D12: =[4]Theory!B26 -> Alishba Manzoor | E12: =[4]Theory!D26 -> 2 | F12: 8 | G12: 9 | H12: 9 | I12: =[4]Theory!E26 -> 25 | J12: =[4]Theory!H26 -> 8 | K12: =[4]Theory!F26 -> 9 | L12: 10 | M12: 5 | N12: 10 | O12: =[4]Theory!G26 -> 25 | P12: =E12+I12+J12+K12+O12 -> 69 | Q12: =[4]Theory!J26 -> B | S12: =E12+F12+L12 -> 20 | T12: =G12+H12+K12+M12 -> 32 | U12: =J12+N12 -> 18 | V12: =((SUM(S12:U12)/$S$7)*100) -> 70 | Y12: =IF(V12>=50,"Y","N") -> Y
B13: 3 | C13: =[4]Theory!A27 -> 2023-IT-03 | D13: =[4]Theory!B27 -> Maheen Fatima | E13: =[4]Theory!D27 -> 2 | F13: 7 | G13: 8 | H13: 8 | I13: =[4]Theory!E27 -> 23 | J13: =[4]Theory!H27 -> 7 | K13: =[4]Theory!F27 -> 10 | L13: 10 | M13: 10 | N13: 6 | O13: =[4]Theory!G27 -> 26 | P13: =E13+I13+J13+K13+O13 -> 68 | Q13: =[4]Theory!J27 -> B | S13: =E13+F13+L13 -> 19 | T13: =G13+H13+K13+M13 -> 36 | U13: =J13+N13 -> 13 | V13: =((SUM(S13:U13)/$S$7)*100) -> 68 | Y13: =IF(V13>=50,"Y","N") -> Y
B14: 4 | C14: =[4]Theory!A28 -> 2023-IT-04 | D14: =[4]Theory!B28 -> Aneela | E14: =[4]Theory!D28 -> 6 | F14: 7 | G14: 7 | H14: 9 | I14: =[4]Theory!E28 -> 23 | J14: =[4]Theory!H28 -> 8 | K14: =[4]Theory!F28 -> 10 | L14: 8 | M14: 7 | N14: 10 | O14: =[4]Theory!G28 -> 25 | P14: =E14+I14+J14+K14+O14 -> 72 | Q14: =[4]Theory!J28 -> B+ | S14: =E14+F14+L14 -> 21 | T14: =G14+H14+K14+M14 -> 33 | U14: =J14+N14 -> 18 | V14: =((SUM(S14:U14)/$S$7)*100) -> 72 | Y14: =IF(V14>=50,"Y","N") -> Y
B15: 5 | C15: =[4]Theory!A29 -> 2023-IT-05 | D15: =[4]Theory!B29 -> Alishba Saleem | E15: =[4]Theory!D29 -> 4 | F15: 9 | G15: 4 | H15: 10 | I15: =[4]Theory!E29 -> 25 | J15: =[4]Theory!H29 -> 8 | K15: =[4]Theory!F29 -> 7 | L15: 8 | M15: 8 | N15: 6 | O15: =[4]Theory!G29 -> 22 | P15: =E15+I15+J15+K15+O15 -> 66 | Q15: =[4]Theory!J29 -> B | S15: =E15+F15+L15 -> 21 | T15: =G15+H15+K15+M15 -> 29 | U15: =J15+N15 -> 14 | V15: =((SUM(S15:U15)/$S$7)*100) -> 64 | Y15: =IF(V15>=50,"Y","N") -> Y
B16: 6 | C16: =[4]Theory!A30 -> 2023-IT-06 | D16: =[4]Theory!B30 -> Mehak Asghar | E16: =[4]Theory!D30 -> 7 | F16: 8 | G16: 7 | H16: 9 | I16: =[4]Theory!E30 -> 24 | J16: =[4]Theory!H30 -> 7 | K16: =[4]Theory!F30 -> 10 | L16: 8 | M16: 10 | N16: 7 | O16: =[4]Theory!G30 -> 25 | P16: =E16+I16+J16+K16+O16 -> 73 | Q16: =[4]Theory!J30 -> B+ | S16: =E16+F16+L16 -> 23 | T16: =G16+H16+K16+M16 -> 36 | U16: =J16+N16 -> 14 | V16: =((SUM(S16:U16)/$S$7)*100) -> 73 | Y16: =IF(V16>=50,"Y","N") -> Y
B17: 7 | C17: =[4]Theory!A31 -> 2023-IT-07 | D17: =[4]Theory!B31 -> Humaira Afzal | E17: =[4]Theory!D31 -> 8 | F17: 7 | G17: 8 | H17: 9 | I17: =[4]Theory!E31 -> 24 | J17: =[4]Theory!H31 -> 8 | K17: =[4]Theory!F31 -> 9 | L17: 12 | M17: 10 | N17: 11 | O17: =[4]Theory!G31 -> 33 | P17: =E17+I17+J17+K17+O17 -> 82 | Q17: =[4]Theory!J31 -> A- | S17: =E17+F17+L17 -> 27 | T17: =G17+H17+K17+M17 -> 36 | U17: =J17+N17 -> 19 | V17: =((SUM(S17:U17)/$S$7)*100) -> 82 | Y17: =IF(V17>=50,"Y","N") -> Y
B18: 8 | C18: =[4]Theory!A32 -> 2023-IT-08 | D18: =[4]Theory!B32 -> Saleena Khan | E18: =[4]Theory!D32 -> 0 | F18: 0 | G18: 0 | H18: 0 | I18: =[4]Theory!E32 -> 0 | J18: =[4]Theory!H32 -> 0 | K18: =[4]Theory!F32 -> 0 | L18: 0 | M18: 0 | N18: 0 | O18: =[4]Theory!G32 -> 0 | P18: =E18+I18+J18+K18+O18 -> 0 | Q18: =[4]Theory!J32 -> F | S18: =E18+F18+L18 -> 0 | T18: =G18+H18+K18+M18 -> 0 | U18: =J18+N18 -> 0 | V18: =((SUM(S18:U18)/$S$7)*100) -> 0 | Y18: =IF(V18>=50,"Y","N") -> N
B19: 9 | C19: =[4]Theory!A33 -> 2023-IT-10 | D19: =[4]Theory!B33 -> Asad Ullah | E19: =[4]Theory!D33 -> 5 | F19: 9 | G19: 6 | H19: 10 | I19: =[4]Theory!E33 -> 25 | J19: =[4]Theory!H33 -> 9 | K19: =[4]Theory!F33 -> 10 | L19: 11 | M19: 9 | N19: 7 | O19: =[4]Theory!G33 -> 27 | P19: =E19+I19+J19+K19+O19 -> 76 | Q19: =[4]Theory!J33 -> B+ | S19: =E19+F19+L19 -> 25 | T19: =G19+H19+K19+M19 -> 35 | U19: =J19+N19 -> 16 | V19: =((SUM(S19:U19)/$S$7)*100) -> 76 | Y19: =IF(V19>=50,"Y","N") -> Y
B20: 10 | C20: =[4]Theory!A34 -> 2023-IT-11 | D20: =[4]Theory!B34 -> Rana Talha dawood | E20: =[4]Theory!D34 -> 5 | F20: 8 | G20: 7 | H20: 8 | I20: =[4]Theory!E34 -> 23 | J20: =[4]Theory!H34 -> 8 | K20: =[4]Theory!F34 -> 10 | L20: 9 | M20: 10 | N20: 10 | O20: =[4]Theory!G34 -> 29 | P20: =E20+I20+J20+K20+O20 -> 75 | Q20: =[4]Theory!J34 -> B+ | S20: =E20+F20+L20 -> 22 | T20: =G20+H20+K20+M20 -> 35 | U20: =J20+N20 -> 18 | V20: =((SUM(S20:U20)/$S$7)*100) -> 75 | Y20: =IF(V20>=50,"Y","N") -> Y
B21: 11 | C21: =[4]Theory!A35 -> 2023-IT-12 | D21: =[4]Theory!B35 -> Ali Ahmad | E21: =[4]Theory!D35 -> 7 | F21: 8 | G21: 8 | H21: 8 | I21: =[4]Theory!E35 -> 24 | J21: =[4]Theory!H35 -> 7 | K21: =[4]Theory!F35 -> 9 | L21: 14 | M21: 10 | N21: 9 | O21: =[4]Theory!G35 -> 33 | P21: =E21+I21+J21+K21+O21 -> 80 | Q21: =[4]Theory!J35 -> A- | S21: =E21+F21+L21 -> 29 | T21: =G21+H21+K21+M21 -> 35 | U21: =J21+N21 -> 16 | V21: =((SUM(S21:U21)/$S$7)*100) -> 80 | Y21: =IF(V21>=50,"Y","N") -> Y
B22: 12 | C22: =[4]Theory!A36 -> 2023-IT-13 | D22: =[4]Theory!B36 -> Muhammad Daud | E22: =[4]Theory!D36 -> 5 | F22: 9 | G22: 7 | H22: 7 | I22: =[4]Theory!E36 -> 23 | J22: =[4]Theory!H36 -> 8 | K22: =[4]Theory!F36 -> 9 | L22: 10 | M22: 10 | N22: 12 | O22: =[4]Theory!G36 -> 32 | P22: =E22+I22+J22+K22+O22 -> 77 | Q22: =[4]Theory!J36 -> B+ | S22: =E22+F22+L22 -> 24 | T22: =G22+H22+K22+M22 -> 33 | U22: =J22+N22 -> 20 | V22: =((SUM(S22:U22)/$S$7)*100) -> 77 | Y22: =IF(V22>=50,"Y","N") -> Y
... B54: 44 | C54: =[4]Theory!A68 -> 2023-IT-80 | D54: =[4]Theory!B68 -> Ali Raza | E54: =[4]Theory!D68 -> 6 | F54: 9 | G54: 9 | H54: 7 | I54: =[4]Theory!E68 -> 25 | J54: =[4]Theory!H68 -> 8 | K54: =[4]Theory!F68 -> 10 | L54: 10 | M54: 8 | N54: 7 | O54: =[4]Theory!G68 -> 25 | P54: =E54+I54+J54+K54+O54 -> 74 | Q54: =[4]Theory!J68 -> B+ | S54: =E54+F54+L54 -> 25 | T54: =G54+H54+K54+M54 -> 34 | U54: =J54+N54 -> 15 | V54: =((SUM(S54:U54)/$S$7)*100) -> 74 | Y54: =IF(V54>=50,"Y","N") -> Y
B57: Teacher Incharge Signature | F57: Incharge Department Signature
B58: =D64 -> Abdul Nasir Zamir | F58: (Engr. M. Kashan Basit)
B62: =B1 -> MNS - UNIVERSITY OF ENGINEERING AND TECHNOLOGY MULTAN
B63: =E3 -> Title (Code): Teaching of the Holy Quran-I (QS-110) | D63: =S1 -> Fall 2023
D64: =X1 -> Abdul Nasir Zamir
B65: Activity Sheet Statistics
D68: No. of Students
B69: Sr. No. | C69: PLO | D69: Achieved the PLO | F69: Not Achieved the PLO
B70: 1 | C70: =S6 -> 1 | D70: =COUNTIF($Y$11:$Y$55,Y10) -> 38 | F70: =COUNTIF($Y$11:$Y$55,Z10) -> 0
B71: 2 | C71: =T6 -> 0 | D71: =COUNTIF($Z$11:$Z$55,Z11) -> 0 | F71: =COUNTIF($Z$11:$Z$55,Z10) -> 0
B72: 3 | C72: =U6 -> 0 | D72: =COUNTIF($AA$11:$AA$55,Y10) -> 0 | F72: =COUNTIF($AA$11:$AA$55,Z10) -> 0
C101: Cohert Failure =

Sheet Functional English
B1: =[5]Theory!A1 -> MNS - UNIVERSITY OF ENGINEERING AND TECHNOLOGY MULTAN | L1: =[5]Theory!B4 -> Fall-2023-2027 (Evening-A) | P1: =[5]Theory!H3 -> 1st Semester | S1: =[5]Theory!H4 -> Fall 2023 | X1: =[5]Theory!H5 -> Hina Zulfiqar
B2: Activity Sheet | I2: =[5]Theory!B3 -> BS Information Technology | R2: CLO & PLO Assessment
B3: Subject: | E3: =[5]Theory!B5 -> Title (Code): Functional English (ENG-115)
B4: Component Name | E4: Quiz 1 | F4: Mid Term | J4: C.P | K4: Quiz 2 | L4: Final Term | P4: Total | Q4: Grade | R4: CLOs vs. PLOs
B5: Total Marks | E5: 10 | F5: 30 | J5: 10 | K5: 10 | L5: 16 | M5: 14 | N5: 10 | O5: 40 | P5: =SUM(E5:N5) -> 100 | R5: CLOs | S5: 1 | T5: 2
B6: Question Components | E6: Q 1 | F6: Q1 | G6: Q2 | H6: Q3 | I6: Total | J6: Q1 | K6: Q1 | L6: Q1 | M6: Q2 | N6: Q3 | O6: Total | R6: PLOs | S6: 1 | T6: 7
B7: Component Marks | E7: 10 | F7: 10 | G7: 10 | H7: 10 | I7: =F7+G7+H7 -> 30 | J7: 10 | K7: 10 | L7: 14 | M7: 16 | N7: 10 | O7: 40 | P7: =SUM(E7:H7,J7:N7) -> 100 | S7: =F7+E7+L7 -> 34 | T7: 66
D8: KPI | E8: =E7*0.5 -> 5 | F8: =F7*0.5 -> 5 | G8: =G7*0.5 -> 5 | H8: =H7*0.5 -> 5 | I8: =I7*0.5 -> 15 | J8: =J7*0.5 -> 5 | K8: =K7*0.5 -> 5 | L8: =L7*0.5 -> 7 | ... O8: =O7*0.5 -> 20 | P8: =SUM(E8:H8)+SUM(J8:J8)+SUM(K8:N8) -> 50 | S8: Assessment of CLOs | V8: PLOs Acheivement | Y8: PLOs Acheivement
D9: CLO Mapping | E9: 1 | F9: 1 | G9: 2 | H9: 2 | J9: 2 | K9: 2 | L9: 1 | M9: 2 | N9: 2 | S9: =S5 -> 1 | T9: =T5 -> 2 | V9: 1 | W9: 7 | Y9: =S6 -> 1 | Z9: =T6 -> 7
B10: Sr. No. | C10: Registration No. | D10: Student Name | Y10: Y | Z10: N
B11: 1 | C11: =[5]Theory!A25 -> 2023-IT-01 | D11: =[5]Theory!B25 -> Rahma Noor | E11: =[5]Theory!D25 -> 6 | F11: 5 | G11: 5 | H11: 0 | I11: =[5]Theory!E25 -> 10 | J11: =[5]Theory!H25 -> 8 | K11: =[5]Theory!F25 -> 9 | L11: 10 | M11: 12 | N11: 4 | O11: =[5]Theory!G25 -> 26 | P11: =E11+I11+J11+K11+O11 -> 59 | Q11: =[5]Theory!J25 -> C+ | S11: =E11+F11+L11 -> 21 | T11: =G11+H11+K11+M11+J11+N11 -> 38 | V11: =((S11/$S$7)*100) -> 61.764706 | W11: =((T11/$T$7)*100) -> 57.575758 | Y11: =IF(V11>=50,"Y","N") -> Y | Z11: =IF(W11>=50,"Y","N") -> Y
B12: 2 | C12: =[5]Theory!A26 -> 2023-IT-02 | D12: =[5]Theory!B26 -> Alishba Manzoor | E12: =[5]Theory!D26 -> 4 | F12: 4 | G12: 5 | H12: 0 | I12: =[5]Theory!E26 -> 9 | J12: =[5]Theory!H26 -> 8 | K12: =[5]Theory!F26 -> 5 | L12: 4 | M12: 7 | N12: 3 | O12: =[5]Theory!G26 -> 14 | P12: =E12+I12+J12+K12+O12 -> 40 | Q12: =[5]Theory!J26 -> C- | S12: =E12+F12+L12 -> 12 | T12: =G12+H12+K12+M12+J12+N12 -> 28 | V12: =((S12/$S$7)*100) -> 35.294118 | W12: =((T12/$T$7)*100) -> 42.424242 | Y12: =IF(V12>=50,"Y","N") -> N | Z12: =IF(W12>=50,"Y","N") -> N
B13: 3 | C13: =[5]Theory!A27 -> 2023-IT-03 | D13: =[5]Theory!B27 -> Maheen Fatima | E13: =[5]Theory!D27 -> 6 | F13: 6 | G13: 4 | H13: 2 | I13: =[5]Theory!E27 -> 12 | J13: =[5]Theory!H27 -> 8 | K13: =[5]Theory!F27 -> 7 | L13: 10 | M13: 10 | N13: 8 | O13: =[5]Theory!G27 -> 28 | P13: =E13+I13+J13+K13+O13 -> 61 | Q13: =[5]Theory!J27 -> B- | S13: =E13+F13+L13 -> 22 | T13: =G13+H13+K13+M13+J13+N13 -> 39 | V13: =((S13/$S$7)*100) -> 64.705882 | W13: =((T13/$T$7)*100) -> 59.090909 | Y13: =IF(V13>=50,"Y","N") -> Y | Z13: =IF(W13>=50,"Y","N") -> Y
B14: 4 | C14: =[5]Theory!A28 -> 2023-IT-04 | D14: =[5]Theory!B28 -> Aneela | E14: =[5]Theory!D28 -> 7 | F14: 8 | G14: 8 | H14: 5 | I14: =[5]Theory!E28 -> 21 | J14: =[5]Theory!H28 -> 8 | K14: =[5]Theory!F28 -> 8 | L14: 12 | M14: 12 | N14: 6 | O14: =[5]Theory!G28 -> 30 | P14: =E14+I14+J14+K14+O14 -> 74 | Q14: =[5]Theory!J28 -> B+ | S14: =E14+F14+L14 -> 27 | T14: =G14+H14+K14+M14+J14+N14 -> 47 | V14: =((S14/$S$7)*100) -> 79.411765 | W14: =((T14/$T$7)*100) -> 71.212121 | Y14: =IF(V14>=50,"Y","N") -> Y | Z14: =IF(W14>=50,"Y","N") -> Y
B15: 5 | C15: =[5]Theory!A29 -> 2023-IT-05 | D15: =[5]Theory!B29 -> Alishba Saleem | E15: =[5]Theory!D29 -> 8 | F15: 7 | G15: 7 | H15: 2 | I15: =[5]Theory!E29 -> 16 | J15: =[5]Theory!H29 -> 8 | K15: =[5]Theory!F29 -> 8 | L15: 8 | M15: 8 | N15: 8 | O15: =[5]Theory!G29 -> 24 | P15: =E15+I15+J15+K15+O15 -> 64 | Q15: =[5]Theory!J29 -> B- | S15: =E15+F15+L15 -> 23 | T15: =G15+H15+K15+M15+J15+N15 -> 41 | V15: =((S15/$S$7)*100) -> 67.647059 | W15: =((T15/$T$7)*100) -> 62.121212 | Y15: =IF(V15>=50,"Y","N") -> Y | Z15: =IF(W15>=50,"Y","N") -> Y
B16: 6 | C16: =[5]Theory!A30 -> 2023-IT-06 | D16: =[5]Theory!B30 -> Mehak Asghar | E16: =[5]Theory!D30 -> 8 | F16: 8 | G16: 8 | H16: 4 | I16: =[5]Theory!E30 -> 20 | J16: =[5]Theory!H30 -> 8 | K16: =[5]Theory!F30 -> 8 | L16: 9 | M16: 10 | N16: 10 | O16: =[5]Theory!G30 -> 29 | P16: =E16+I16+J16+K16+O16 -> 73 | Q16: =[5]Theory!J30 -> B+ | S16: =E16+F16+L16 -> 25 | T16: =G16+H16+K16+M16+J16+N16 -> 48 | V16: =((S16/$S$7)*100) -> 73.529412 | W16: =((T16/$T$7)*100) -> 72.727273 | Y16: =IF(V16>=50,"Y","N") -> Y | Z16: =IF(W16>=50,"Y","N") -> Y
B17: 7 | C17: =[5]Theory!A31 -> 2023-IT-07 | D17: =[5]Theory!B31 -> Humaira Afzal | E17: =[5]Theory!D31 -> 9 | F17: 8 | G17: 9 | H17: 3 | I17: =[5]Theory!E31 -> 20 | J17: =[5]Theory!H31 -> 8 | K17: =[5]Theory!F31 -> 9 | L17: 12 | M17: 13 | N17: 7 | O17: =[5]Theory!G31 -> 32 | P17: =E17+I17+J17+K17+O17 -> 78 | Q17: =[5]Theory!J31 -> A- | S17: =E17+F17+L17 -> 29 | T17: =G17+H17+K17+M17+J17+N17 -> 49 | V17: =((S17/$S$7)*100) -> 85.294118 | W17: =((T17/$T$7)*100) -> 74.242424 | Y17: =IF(V17>=50,"Y","N") -> Y | Z17: =IF(W17>=50,"Y","N") -> Y
B18: 8 | C18: =[5]Theory!A32 -> 2023-IT-08 | D18: =[5]Theory!B32 -> Saleena Khan | E18: =[5]Theory!D32 -> 0 | F18: 0 | G18: 0 | H18: 0 | I18: =[5]Theory!E32 -> 0 | J18: =[5]Theory!H32 -> 0 | K18: =[5]Theory!F32 -> 0 | L18: 0 | M18: 0 | N18: 0 | O18: =[5]Theory!G32 -> 0 | P18: =E18+I18+J18+K18+O18 -> 0 | Q18: =[5]Theory!J32 -> F | S18: =E18+F18+L18 -> 0 | T18: =G18+H18+K18+M18+J18+N18 -> 0 | V18: =((S18/$S$7)*100) -> 0 | W18: =((T18/$T$7)*100) -> 0 | Y18: =IF(V18>=50,"Y","N") -> N | Z18: =IF(W18>=50,"Y","N") -> N
B19: 9 | C19: =[5]Theory!A33 -> 2023-IT-10 | D19: =[5]Theory!B33 -> Asad Ullah | E19: =[5]Theory!D33 -> 6 | F19: 7 | G19: 6 | H19: 2 | I19: =[5]Theory!E33 -> 15 | J19: =[5]Theory!H33 -> 7 | K19: =[5]Theory!F33 -> 9 | L19: 11 | M19: 10 | N19: 8 | O19: =[5]Theory!G33 -> 29 | P19: =E19+I19+J19+K19+O19 -> 66 | Q19: =[5]Theory!J33 -> B | S19: =E19+F19+L19 -> 24 | T19: =G19+H19+K19+M19+J19+N19 -> 42 | V19: =((S19/$S$7)*100) -> 70.588235 | W19: =((T19/$T$7)*100) -> 63.636364 | Y19: =IF(V19>=50,"Y","N") -> Y | Z19: =IF(W19>=50,"Y","N") -> Y
B20: 10 | C20: =[5]Theory!A34 -> 2023-IT-11 | D20: =[5]Theory!B34 -> Rana Talha dawood | E20: =[5]Theory!D34 -> 7 | F20: 7 | G20: 7 | H20: 4 | I20: =[5]Theory!E34 -> 18 | J20: =[5]Theory!H34 -> 8 | K20: =[5]Theory!F34 -> 9 | L20: 10 | M20: 12 | N20: 10 | O20: =[5]Theory!G34 -> 32 | P20: =E20+I20+J20+K20+O20 -> 74 | Q20: =[5]Theory!J34 -> B+ | S20: =E20+F20+L20 -> 24 | T20: =G20+H20+K20+M20+J20+N20 -> 50 | V20: =((S20/$S$7)*100) -> 70.588235 | W20: =((T20/$T$7)*100) -> 75.757576 | Y20: =IF(V20>=50,"Y","N") -> Y | Z20: =IF(W20>=50,"Y","N") -> Y
B21: 11 | C21: =[5]Theory!A35 -> 2023-IT-12 | D21: =[5]Theory!B35 -> Ali Ahmad | E21: =[5]Theory!D35 -> 4 | F21: 7 | G21: 5 | H21: 3 | I21: =[5]Theory!E35 -> 15 | J21: =[5]Theory!H35 -> 7 | K21: =[5]Theory!F35 -> 9 | L21: 9 | M21: 11 | N21: 7 | O21: =[5]Theory!G35 -> 27 | P21: =E21+I21+J21+K21+O21 -> 62 | Q21: =[5]Theory!J35 -> B- | S21: =E21+F21+L21 -> 20 | T21: =G21+H21+K21+M21+J21+N21 -> 42 | V21: =((S21/$S$7)*100) -> 58.823529 | W21: =((T21/$T$7)*100) -> 63.636364 | Y21: =IF(V21>=50,"Y","N") -> Y | Z21: =IF(W21>=50,"Y","N") -> Y
B22: 12 | C22: =[5]Theory!A36 -> 2023-IT-13 | D22: =[5]Theory!B36 -> Muhammad Daud | E22: =[5]Theory!D36 -> 10 | F22: 7 | G22: 6 | H22: 4 | I22: =[5]Theory!E36 -> 17 | J22: =[5]Theory!H36 -> 7 | K22: =[5]Theory!F36 -> 7 | L22: 7 | M22: 11 | N22: 10 | O22: =[5]Theory!G36 -> 28 | P22: =E22+I22+J22+K22+O22 -> 69 | Q22: =[5]Theory!J36 -> B | S22: =E22+F22+L22 -> 24 | T22: =G22+H22+K22+M22+J22+N22 -> 45 | V22: =((S22/$S$7)*100) -> 70.588235 | W22: =((T22/$T$7)*100) -> 68.181818 | Y22: =IF(V22>=50,"Y","N") -> Y | Z22: =IF(W22>=50,"Y","N") -> Y
... B54: 44 | C54: =[5]Theory!A68 -> 2023-IT-80 | D54: =[5]Theory!B68 -> Ali Raza | E54: =[5]Theory!D68 -> 5 | F54: 8 | G54: 8 | H54: 3 | I54: =[5]Theory!E68 -> 19 | J54: =[5]Theory!H68 -> 7 | K54: =[5]Theory!F68 -> 6 | L54: 6 | M54: 14 | N54: 8 | O54: =[5]Theory!G68 -> 28 | P54: =E54+I54+J54+K54+O54 -> 65 | Q54: =[5]Theory!J68 -> B- | S54: =E54+F54+L54 -> 19 | T54: =G54+H54+K54+M54+J54+N54 -> 46 | V54: =((S54/$S$7)*100) -> 55.882353 | W54: =((T54/$T$7)*100) -> 69.69697 | Y54: =IF(V54>=50,"Y","N") -> Y | Z54: =IF(W54>=50,"Y","N") -> Y
B57: Teacher Incharge Signature
B58: =D64 -> Hina Zulfiqar | F58: (Engr. M. Kashan Basit)
B62: =B1 -> MNS - UNIVERSITY OF ENGINEERING AND TECHNOLOGY MULTAN
B63: =E3 -> Title (Code): Functional English (ENG-115) | D63: =S1 -> Fall 2023
D64: =X1 -> Hina Zulfiqar
B65: Activity Sheet Statistics
D68: No. of Students
B69: Sr. No. | C69: PLO | D69: Achieved the PLO | F69: Not Achieved the PLO
B70: 1 | C70: =S6 -> 1 | D70: =COUNTIF($Y$11:$Y$55,Y10) -> 36 | F70: =COUNTIF($Y$11:$Y$55,Z10) -> 8
B71: 2 | C71: =T6 -> 7 | D71: =COUNTIF($Z$11:$Z$55,Z11) -> 34 | F71: =COUNTIF($Z$11:$Z$55,Z10) -> 10
B72: 3 | C72: =U6 -> 0 | D72: =COUNTIF($AA$11:$AA$55,Y10) -> 0 | F72: =COUNTIF($AA$11:$AA$55,Z10) -> 0
C101: Cohert Failure =

Sheet Semester 1
A2: OBE PLOs Attainment Sheet
D3: BSIT Evening (A) Fa 2023 | J3: Semester: 1st
C4: Zain-ul-Abideen | E4: Engr. Talah Jahangir | G4: Kanza Hanif | I4: Muhammad Amir | K4: Hina Zulfiqar | M4: Abdul Nasir Zamir
C5: Data Structure | E5: Pgrogramming Fundamental | G5: Application of Information & Co | I5: Calculus and Analytic Geometry | J5: Linear Circuit Analysis (Lab) | K5: Functional English | M5: Teaching of Holy Quran | U5: Commulative PLOS
C6: PLO2 | D6: PLO3 | E6: PLO2 | F6: PLO4 | G6: PLO2 | H6: PLO3 | I6: PLO2 | J6: PLO3 | K6: PLO1 | L6: PLO7 | M6: PLO1 | U6: PLO1 | V6: PLO2 | W6: PLO3 | X6: PLO4 | Y6: PLO7
A7: Roll No | B7: Student Name | C7: 100 | D7: 100 | E7: 100 | F7: 100 | G7: 100 | H7: 100 | I7: 100 | J7: 100 | K7: 100 | L7: 100 | M7: 100 | U7: =SUM(K7,M7)/2 -> 100 | V7: =SUM(C7,E7,G7,I7)/4 -> 100 | W7: =SUM(D7,J7)/2 -> 100 | X7: =SUM(F7,H7)/2 -> 100 | Y7: 100
A8: 2023-IT-01 | B8: Rahma Noor | C8: ='Discrete Structure'!V11 -> 77.142857 | D8: ='Discrete Structure'!W11 -> 70 | E8: ='Programmming Fundamental'!W11 -> 56.818182 | F8: ='Programmming Fundamental'!X11 -> 57.692308 | G8: ='Application of Information & Co'!R12 -> 60 | H8: ='Application of Information & Co'!T12 -> 55 | I8: ='Calculus and Analytic Geometry'!V11 -> 75 | J8: ='Calculus and Analytic Geometry'!W11 -> 77.272727 | K8: ='Functional English'!V11 -> 61.764706 | L8: ='Functional English'!W11 -> 57.575758 | M8: ='Teaching of Holy Quran with Tra'!V11 -> 74 | U8: =M8 -> 74 | V8: =SUM(C8,E8,G8,I8,)/4 -> 67.24026 | W8: =SUM(D8,H8,J8)/3 -> 67.424242 | X8: =F8 -> 57.692308 | Y8: =L8 -> 57.575758
A9: 2023-IT-02 | B9: Alishba Manzoor | C9: ='Discrete Structure'!V12 -> 0 | D9: ='Discrete Structure'!W12 -> 0 | E9: ='Programmming Fundamental'!W12 -> 63.636364 | F9: ='Programmming Fundamental'!X12 -> 61.538462 | G9: ='Application of Information & Co'!R13 -> 50 | H9: ='Application of Information & Co'!T13 -> 55 | I9: ='Calculus and Analytic Geometry'!V12 -> 64.285714 | J9: ='Calculus and Analytic Geometry'!W12 -> 52.272727 | K9: ='Functional English'!V12 -> 35.294118 | L9: ='Functional English'!W12 -> 42.424242 | M9: ='Teaching of Holy Quran with Tra'!V12 -> 70 | U9: =M9 -> 70 | V9: =SUM(C9,E9,G9,I9,)/4 -> 44.480519 | W9: =SUM(D9,H9,J9)/3 -> 35.757576 | X9: =F9 -> 61.538462 | Y9: =L9 -> 42.424242
A10: 2023-IT-03 | B10: Maheen Fatima | C10: ='Discrete Structure'!V13 -> 88.571429 | D10: ='Discrete Structure'!W13 -> 76.666667 | E10: ='Programmming Fundamental'!W13 -> 59.090909 | F10: ='Programmming Fundamental'!X13 -> 65.384615 | G10: ='Application of Information & Co'!R14 -> 55 | H10: ='Application of Information & Co'!T14 -> 60 | I10: ='Calculus and Analytic Geometry'!V13 -> 57.142857 | J10: ='Calculus and Analytic Geometry'!W13 -> 70.454545 | K10: ='Functional English'!V13 -> 64.705882 | L10: ='Functional English'!W13 -> 59.090909 | M10: ='Teaching of Holy Quran with Tra'!V13 -> 68 | U10: =M10 -> 68 | V10: =SUM(C10,E10,G10,I10,)/4 -> 64.951299 | W10: =SUM(D10,H10,J10)/3 -> 69.040404 | X10: =F10 -> 65.384615 | Y10: =L10 -> 59.090909
A11: 2023-IT-04 | B11: Aneela | C11: ='Discrete Structure'!V14 -> 85.714286 | D11: ='Discrete Structure'!W14 -> 90 | E11: ='Programmming Fundamental'!W14 -> 70.454545 | F11: ='Programmming Fundamental'!X14 -> 57.692308 | G11: ='Application of Information & Co'!R15 -> 70 | H11: ='Application of Information & Co'!T15 -> 65 | I11: ='Calculus and Analytic Geometry'!V14 -> 58.928571 | J11: ='Calculus and Analytic Geometry'!W14 -> 54.545455 | K11: ='Functional English'!V14 -> 79.411765 | L11: ='Functional English'!W14 -> 71.212121 | M11: ='Teaching of Holy Quran with Tra'!V14 -> 72 | U11: =M11 -> 72 | V11: =SUM(C11,E11,G11,I11,)/4 -> 71.274351 | W11: =SUM(D11,H11,J11)/3 -> 69.848485 | X11: =F11 -> 57.692308 | Y11: =L11 -> 71.212121
A12: 2023-IT-05 | B12: Alishba Saleem | C12: ='Discrete Structure'!V15 -> 81.428571 | D12: ='Discrete Structure'!W15 -> 83.333333 | E12: ='Programmming Fundamental'!W15 -> 54.545455 | F12: ='Programmming Fundamental'!X15 -> 53.846154 | G12: ='Application of Information & Co'!R16 -> 55 | H12: ='Application of Information & Co'!T16 -> 52.5 | I12: ='Calculus and Analytic Geometry'!V15 -> 64.285714 | J12: ='Calculus and Analytic Geometry'!W15 -> 63.636364 | K12: ='Functional English'!V15 -> 67.647059 | L12: ='Functional English'!W15 -> 62.121212 | M12: ='Teaching of Holy Quran with Tra'!V15 -> 64 | U12: =M12 -> 64 | V12: =SUM(C12,E12,G12,I12,)/4 -> 63.814935 | W12: =SUM(D12,H12,J12)/3 -> 66.489899 | X12: =F12 -> 53.846154 | Y12: =L12 -> 62.121212
A13: 2023-IT-06 | B13: Mehak Asghar | C13: ='Discrete Structure'!V16 -> 71.428571 | D13: ='Discrete Structure'!W16 -> 83.333333 | E13: ='Programmming Fundamental'!W16 -> 90.909091 | F13: ='Programmming Fundamental'!X16 -> 76.923077 | G13: ='Application of Information & Co'!R17 -> 75 | H13: ='Application of Information & Co'!T17 -> 80 | I13: ='Calculus and Analytic Geometry'!V16 -> 80.357143 | J13: ='Calculus and Analytic Geometry'!W16 -> 88.636364 | K13: ='Functional English'!V16 -> 73.529412 | L13: ='Functional English'!W16 -> 72.727273 | M13: ='Teaching of Holy Quran with Tra'!V16 -> 73 | U13: =M13 -> 73 | V13: =SUM(C13,E13,G13,I13,)/4 -> 79.423701 | W13: =SUM(D13,H13,J13)/3 -> 83.989899 | X13: =F13 -> 76.923077 | Y13: =L13 -> 72.727273
A14: 2023-IT-07 | B14: Humaira Afzal | C14: ='Discrete Structure'!V17 -> 65.714286 | D14: ='Discrete Structure'!W17 -> 73.333333 | E14: ='Programmming Fundamental'!W17 -> 59.090909 | F14: ='Programmming Fundamental'!X17 -> 53.846154 | G14: ='Application of Information & Co'!R18 -> 65 | H14: ='Application of Information & Co'!T18 -> 77.5 | I14: ='Calculus and Analytic Geometry'!V17 -> 66.071429 | J14: ='Calculus and Analytic Geometry'!W17 -> 65.909091 | K14: ='Functional English'!V17 -> 85.294118 | L14: ='Functional English'!W17 -> 74.242424 | M14: ='Teaching of Holy Quran with Tra'!V17 -> 82 | U14: =M14 -> 82 | V14: =SUM(C14,E14,G14,I14,)/4 -> 63.969156 | W14: =SUM(D14,H14,J14)/3 -> 72.247475 | X14: =F14 -> 53.846154 | Y14: =L14 -> 74.242424
A15: 2023-IT-08 | B15: Saleena Khan | C15: ='Discrete Structure'!V18 -> 90 | D15: ='Discrete Structure'!W18 -> 93.333333 | E15: ='Programmming Fundamental'!W18 -> 0 | F15: ='Programmming Fundamental'!X18 -> 0 | G15: ='Application of Information & Co'!R19 -> 0 | H15: ='Application of Information & Co'!T19 -> 0 | I15: ='Calculus and Analytic Geometry'!V18 -> 0 | J15: ='Calculus and Analytic Geometry'!W18 -> 0 | K15: ='Functional English'!V18 -> 0 | L15: ='Functional English'!W18 -> 0 | M15: ='Teaching of Holy Quran with Tra'!V18 -> 0 | U15: =M15 -> 0 | V15: =SUM(C15,E15,G15,I15,)/4 -> 22.5 | W15: =SUM(D15,H15,J15)/3 -> 31.111111 | X15: =F15 -> 0 | Y15: =L15 -> 0
A16: 2023-IT-10 | B16: Asad Ullah | C16: ='Discrete Structure'!V19 -> 71.428571 | D16: ='Discrete Structure'!W19 -> 86.666667 | E16: ='Programmming Fundamental'!W19 -> 59.090909 | F16: ='Programmming Fundamental'!X19 -> 53.846154 | G16: ='Application of Information & Co'!R20 -> 75 | H16: ='Application of Information & Co'!T20 -> 65 | I16: ='Calculus and Analytic Geometry'!V19 -> 42.857143 | J16: ='Calculus and Analytic Geometry'!W19 -> 25 | K16: ='Functional English'!V19 -> 70.588235 | L16: ='Functional English'!W19 -> 63.636364 | M16: ='Teaching of Holy Quran with Tra'!V19 -> 76 | U16: =M16 -> 76 | V16: =SUM(C16,E16,G16,I16,)/4 -> 62.094156 | W16: =SUM(D16,H16,J16)/3 -> 58.888889 | X16: =F16 -> 53.846154 | Y16: =L16 -> 63.636364
A17: 2023-IT-11 | B17: Rana Talha dawood | C17: ='Discrete Structure'!V20 -> 68.571429 | D17: ='Discrete Structure'!W20 -> 73.333333 | E17: ='Programmming Fundamental'!W20 -> 54.545455 | F17: ='Programmming Fundamental'!X20 -> 42.307692 | G17: ='Application of Information & Co'!R21 -> 70 | H17: ='Application of Information & Co'!T21 -> 60 | I17: ='Calculus and Analytic Geometry'!V20 -> 62.5 | J17: ='Calculus and Analytic Geometry'!W20 -> 56.818182 | K17: ='Functional English'!V20 -> 70.588235 | L17: ='Functional English'!W20 -> 75.757576 | M17: ='Teaching of Holy Quran with Tra'!V20 -> 75 | U17: =M17 -> 75 | V17: =SUM(C17,E17,G17,I17,)/4 -> 63.904221 | W17: =SUM(D17,H17,J17)/3 -> 63.383838 | X17: =F17 -> 42.307692 | Y17: =L17 -> 75.757576
A18: 2023-IT-12 | B18: Ali Ahmad | C18: ='Discrete Structure'!V21 -> 72.857143 | D18: ='Discrete Structure'!W21 -> 80 | E18: ='Programmming Fundamental'!W21 -> 54.545455 | F18: ='Programmming Fundamental'!X21 -> 57.692308 | G18: ='Application of Information & Co'!R22 -> 50 | H18: ='Application of Information & Co'!T22 -> 60 | I18: ='Calculus and Analytic Geometry'!V21 -> 60.714286 | J18: ='Calculus and Analytic Geometry'!W21 -> 54.545455 | K18: ='Functional English'!V21 -> 58.823529 | L18: ='Functional English'!W21 -> 63.636364 | M18: ='Teaching of Holy Quran with Tra'!V21 -> 80 | U18: =M18 -> 80 | V18: =SUM(C18,E18,G18,I18,)/4 -> 59.529221 | W18: =SUM(D18,H18,J18)/3 -> 64.848485 | X18: =F18 -> 57.692308 | Y18: =L18 -> 63.636364
A19: 2023-IT-13 | B19: Muhammad Daud | C19: ='Discrete Structure'!V22 -> 67.142857 | D19: ='Discrete Structure'!W22 -> 76.666667 | E19: ='Programmming Fundamental'!W22 -> 70.454545 | F19: ='Programmming Fundamental'!X22 -> 65.384615 | G19: ='Application of Information & Co'!R23 -> 50 | H19: ='Application of Information & Co'!T23 -> 50 | I19: ='Calculus and Analytic Geometry'!V22 -> 46.428571 | J19: ='Calculus and Analytic Geometry'!W22 -> 45.454545 | K19: ='Functional English'!V22 -> 70.588235 | L19: ='Functional English'!W22 -> 68.181818 | M19: ='Teaching of Holy Quran with Tra'!V22 -> 77 | U19: =M19 -> 77 | V19: =SUM(C19,E19,G19,I19,)/4 -> 58.506494 | W19: =SUM(D19,H19,J19)/3 -> 57.373737 | X19: =F19 -> 65.384615 | Y19: =L19 -> 68.181818
... A51: 2023-IT-80 | B51: Ali Raza | C51: ='Discrete Structure'!V54 -> 0 | D51: ='Discrete Structure'!W54 -> 0 | E51: ='Programmming Fundamental'!W54 -> 59.090909 | F51: ='Programmming Fundamental'!X54 -> 57.692308 | G51: ='Application of Information & Co'!R55 -> 55 | H51: ='Application of Information & Co'!T55 -> 42.5 | I51: ='Calculus and Analytic Geometry'!V54 -> 41.071429 | J51: ='Calculus and Analytic Geometry'!W54 -> 59.090909 | K51: ='Functional English'!V54 -> 55.882353 | L51: ='Functional English'!W54 -> 69.69697 | M51: ='Teaching of Holy Quran with Tra'!V54 -> 74 | U51: =M51 -> 74 | V51: =SUM(C51,E51,G51,I51,)/4 -> 38.790584 | W51: =SUM(D51,H51,J51)/3 -> 33.863636 | X51: =F51 -> 57.692308 | Y51: =L51 -> 69.69697

Sheet Networking 2nd
C1: MNS - UNIVERSITY OF ENGINEERING AND TECHNOLOGY MULTAN
C2: Department of Computer Science
C3: Program: | D3: BS Information Technology | H3: Semester: | J3: 2nd Semester
C4: Session: | D4: Fall 2023 (Evening) Section-A | J4: Spring 2024
C5: Course: | D5: ='[6]Computer Network'!B5 -> Title (Code): Computer Networks (IT-123) | H5: Instructor: | J5: ='[6]Computer Network'!H5 -> Name: Mr. Arbab Haider
D6: Credit Hours: 2 | E6: Theory
A7: OBE Assessment | E7: CLO1 | F7: CLO2 | G7: CLO3 | H7: CLO4 | I7: CLO5 | J7: CLO6 | K7: CLO7 | L7: CLO8 | M7: CLO9 | N7: CLO10 | O7: Total | P7: PLO1 | Q7: PLO2 | R7: PLO3 | S7: PLO4 | T7: PLO5 | U7: PLO6 | V7: PLO7 | W7: PLO8 | X7: PLO9 | Y7: PLO10 | Z7: Total
E8: {=TRANSPOSE(_xlfn._xlws.FILTER('[6]CLO & PLO'!K1:K10,'Networking 2nd'!E7='[6]CLO & PLO'!A1))} -> 30 | F8: 40 | G8: 20 | H8: 10 | I8: 0 | J8: 0 | K8: 0 | L8: 0 | M8: 0 | N8: 0 | O8: =SUM(E8:N8) -> 100 | P8: {=TRANSPOSE( _xlfn._xlws.FILTER('[6]CLO & PLO'!X1:X10,'[6]CLO & PLO'!N1='Networking 2nd'!P7))} -> 0 | Q8: 60 | R8: 40 | S8: 0 | T8: 0 | U8: 0 | V8: 0 | W8: 0 | X8: 0 | Y8: 0 | Z8: =SUM(P8:X8) -> 100
A9: S# | B9: CMS ID | C9: Assessment Tool ―→ | E9: Quiz1 | H9: Mid | M9: QuizII | P9: Final | U9: C.P | X9: Total | Y9: PLO Assessment | AB9: PLO Achieved
C10: Marks | E10: 10 | G10: =SUM(C10:F10) -> 10 | H10: 10 | I10: 20 | L10: =SUM(H10:K10) -> 30 | M10: 10 | O10: =SUM(M10:N10) -> 10 | P10: 20 | Q10: 20 | T10: =SUM(P10:S10) -> 40 | U10: 10 | W10: =SUM(U10:V10) -> 10 | X10: =G10+L10+O10+T10+W10 -> 100 | AE10: Percentage
C11: Target CLO | E11: CLO2 | G11: Total | H11: CLO1 | I11: CLO2 | L11: Total | M11: CLO4 | O11: Total | P11: CLO1 | Q11: CLO3 | T11: Total | U11: CLO2 | W11: Total | Y11: PLO1 | Z11: PLO2 | AA11: PLO3 | AB11: =Y11 -> PLO1 | AC11: =Z11 -> PLO2 | AD11: =AA11 -> PLO3 | AE11: PLO 2 | AF11: PLO 3
C12: Registration No | D12: Target PLO | E12: PLO2 | H12: PLO2 | I12: PLO2 | M12: PLO3 | P12: PLO2 | Q12: PLO3 | U12: PLO3 | Y12: {=IFERROR(_xlfn._xlws.FILTER(_xlfn.ANCHORARRAY(P8),Y11=$P$7:$Y$7),0)} -> 0 | Z12: {=IFERROR(_xlfn._xlws.FILTER(_xlfn.ANCHORARRAY(P8),Z11=$P$7:$Y$7),0)} -> 60 | AA12: {=IFERROR(_xlfn._xlws.FILTER(_xlfn.ANCHORARRAY(P8),AA11=$P$7:$Y$7),0)} -> 40 | AB12: {=IFERROR(_xlfn._xlws.FILTER(_xlfn.ANCHORARRAY(P8),AB11=$P$7:$Y$7),0)} -> 0 | AC12: {=IFERROR(_xlfn._xlws.FILTER(_xlfn.ANCHORARRAY(P8),AC11=$P$7:$Y$7),0)} -> 60 | AD12: {=IFERROR(_xlfn._xlws.FILTER(_xlfn.ANCHORARRAY(P8),AD11=$P$7:$Y$7),0)} -> 40
A13: 1 | B13: 917-2017 | C13: ='[6]Computer Network'!A26 -> 2023-IT-01 | D13: ='[6]Computer Network'!B26 -> Rahma Noor | E13: ='[6]Computer Network'!D26 -> 10 | G13: =E13 -> 10 | H13: 8 | I13: 8 | L13: ='[6]Computer Network'!E26 -> 16 | M13: ='[6]Computer Network'!F26 -> 9 | O13: =M13 -> 9 | P13: 15 | Q13: 15 | T13: ='[6]Computer Network'!G26 -> 30 | U13: ='[6]Computer Network'!H26 -> 9 | W13: =U13 -> 9 | X13: =SUM(G13+L13+O13+T13+W13) -> 74 | Y13: =SUMIF($E$12:$V$12,$Y$11,E13:V13) -> 0 | Z13: =SUMIF($E$12:$V$12,$Z$11,E13:V13) -> 41 | AA13: =SUMIF($E$12:$V$12,$AA$11,E13:V13) -> 33 | AB13: =IFERROR(IF(Y13/$Y$12*100>=50,"Y","N"),0) -> 0 | AC13: =IFERROR(IF(Z13/$Z$12*100>=50,"Y","N"),0) -> Y | AD13: =IFERROR(IF(AA13/$AA$12*100>=50,"Y","N"),0) -> Y | AE13: =(Z13/60)*100 -> 68.333333 | AF13: =AA13/40*100 -> 82.5
A14: 2 | B14: 918-2017 | C14: ='[6]Computer Network'!A27 -> 2023-IT-02 | D14: ='[6]Computer Network'!B27 -> Alishba Manzoor | E14: ='[6]Computer Network'!D27 -> 9 | G14: =E14 -> 9 | H14: 8 | I14: 4 | L14: ='[6]Computer Network'!E27 -> 14 | M14: ='[6]Computer Network'!F27 -> 10 | O14: =M14 -> 10 | P14: 10 | Q14: 11 | T14: ='[6]Computer Network'!G27 -> 21 | U14: ='[6]Computer Network'!H27 -> 9 | W14: =U14 -> 9 | X14: =SUM(G14+L14+O14+T14+W14) -> 63 | Y14: =SUMIF($E$12:$V$12,$Y$11,E14:V14) -> 0 | Z14: =SUMIF($E$12:$V$12,$Z$11,E14:V14) -> 31 | AA14: =SUMIF($E$12:$V$12,$AA$11,E14:V14) -> 30 | AB14: =IFERROR(IF(Y14/$Y$12*100>=50,"Y","N"),0) -> 0 | AC14: =IFERROR(IF(Z14/$Z$12*100>=50,"Y","N"),0) -> Y | AD14: =IFERROR(IF(AA14/$AA$12*100>=50,"Y","N"),0) -> Y | AE14: =(Z14/60)*100 -> 51.666667 | AF14: =AA14/40*100 -> 75
A15: 3 | B15: 919-2017 | C15: ='[6]Computer Network'!A28 -> 2023-IT-03 | D15: ='[6]Computer Network'!B28 -> Maheen Fatima | E15: ='[6]Computer Network'!D28 -> 9 | G15: =E15 -> 9 | H15: 5 | I15: 10 | L15: ='[6]Computer Network'!E28 -> 15 | M15: ='[6]Computer Network'!F28 -> 9 | O15: =M15 -> 9 | P15: 19 | Q15: 10 | T15: ='[6]Computer Network'!G28 -> 29 | U15: ='[6]Computer Network'!H28 -> 8 | W15: =U15 -> 8 | X15: =SUM(G15+L15+O15+T15+W15) -> 70 | Y15: =SUMIF($E$12:$V$12,$Y$11,E15:V15) -> 0 | Z15: =SUMIF($E$12:$V$12,$Z$11,E15:V15) -> 43 | AA15: =SUMIF($E$12:$V$12,$AA$11,E15:V15) -> 27 | AB15: =IFERROR(IF(Y15/$Y$12*100>=50,"Y","N"),0) -> 0 | AC15: =IFERROR(IF(Z15/$Z$12*100>=50,"Y","N"),0) -> Y | AD15: =IFERROR(IF(AA15/$AA$12*100>=50,"Y","N"),0) -> Y | AE15: =(Z15/60)*100 -> 71.666667 | AF15: =AA15/40*100 -> 67.5
A16: 4 | B16: 921-2017 | C16: ='[6]Computer Network'!A29 -> 2023-IT-04 | D16: ='[6]Computer Network'!B29 -> Aneela | E16: ='[6]Computer Network'!D29 -> 9 | G16: =E16 -> 9 | H16: 10 | I16: 6 | L16: ='[6]Computer Network'!E29 -> 16 | M16: ='[6]Computer Network'!F29 -> 10 | O16: =M16 -> 10 | P16: 15 | Q16: 14 | T16: ='[6]Computer Network'!G29 -> 29 | U16: ='[6]Computer Network'!H29 -> 7 | W16: =U16 -> 7 | X16: =SUM(G16+L16+O16+T16+W16) -> 71 | Y16: =SUMIF($E$12:$V$12,$Y$11,E16:V16) -> 0 | Z16: =SUMIF($E$12:$V$12,$Z$11,E16:V16) -> 40 | AA16: =SUMIF($E$12:$V$12,$AA$11,E16:V16) -> 31 | AB16: =IFERROR(IF(Y16/$Y$12*100>=50,"Y","N"),0) -> 0 | AC16: =IFERROR(IF(Z16/$Z$12*100>=50,"Y","N"),0) -> Y | AD16: =IFERROR(IF(AA16/$AA$12*100>=50,"Y","N"),0) -> Y | AE16: =(Z16/60)*100 -> 66.666667 | AF16: =AA16/40*100 -> 77.5
A17: 5 | B17: 922-2017 | C17: ='[6]Computer Network'!A30 -> 2023-IT-05 | D17: ='[6]Computer Network'!B30 -> Alishba Saleem | E17: ='[6]Computer Network'!D30 -> 10 | G17: =E17 -> 10 | H17: 4 | I17: 11 | L17: ='[6]Computer Network'!E30 -> 15 | M17: ='[6]Computer Network'!F30 -> 4 | O17: =M17 -> 4 | P17: 14 | Q17: 14 | T17: ='[6]Computer Network'!G30 -> 28 | U17: ='[6]Computer Network'!H30 -> 9 | W17: =U17 -> 9 | X17: =SUM(G17+L17+O17+T17+W17) -> 66 | Y17: =SUMIF($E$12:$V$12,$Y$11,E17:V17) -> 0 | Z17: =SUMIF($E$12:$V$12,$Z$11,E17:V17) -> 39 | AA17: =SUMIF($E$12:$V$12,$AA$11,E17:V17) -> 27 | AB17: =IFERROR(IF(Y17/$Y$12*100>=50,"Y","N"),0) -> 0 | AC17: =IFERROR(IF(Z17/$Z$12*100>=50,"Y","N"),0) -> Y | AD17: =IFERROR(IF(AA17/$AA$12*100>=50,"Y","N"),0) -> Y | AE17: =(Z17/60)*100 -> 65 | AF17: =AA17/40*100 -> 67.5
A18: 6 | B18: 923-2017 | C18: ='[6]Computer Network'!A31 -> 2023-IT-06 | D18: ='[6]Computer Network'!B31 -> Mehak Asghar | E18: ='[6]Computer Network'!D31 -> 7 | G18: =E18 -> 7 | H18: 9 | I18: 12 | L18: ='[6]Computer Network'!E31 -> 21 | M18: ='[6]Computer Network'!F31 -> 9 | O18: =M18 -> 9 | P18: 15 | Q18: 20 | T18: ='[6]Computer Network'!G31 -> 35 | U18: ='[6]Computer Network'!H31 -> 9 | W18: =U18 -> 9 | X18: =SUM(G18+L18+O18+T18+W18) -> 81 | Y18: =SUMIF($E$12:$V$12,$Y$11,E18:V18) -> 0 | Z18: =SUMIF($E$12:$V$12,$Z$11,E18:V18) -> 43 | AA18: =SUMIF($E$12:$V$12,$AA$11,E18:V18) -> 38 | AB18: =IFERROR(IF(Y18/$Y$12*100>=50,"Y","N"),0) -> 0 | AC18: =IFERROR(IF(Z18/$Z$12*100>=50,"Y","N"),0) -> Y | AD18: =IFERROR(IF(AA18/$AA$12*100>=50,"Y","N"),0) -> Y | AE18: =(Z18/60)*100 -> 71.666667 | AF18: =AA18/40*100 -> 95
A19: 7 | B19: 1144-2017 | C19: ='[6]Computer Network'!A32 -> 2023-IT-07 | D19: ='[6]Computer Network'!B32 -> Humaira Afzal | E19: ='[6]Computer Network'!D32 -> 8 | G19: =E19 -> 8 | H19: 10 | I19: 13 | L19: ='[6]Computer Network'!E32 -> 23 | M19: ='[6]Computer Network'!F32 -> 10 | O19: =M19 -> 10 | P19: 16 | Q19: 15 | T19: ='[6]Computer Network'!G32 -> 31 | U19: ='[6]Computer Network'!H32 -> 6 | W19: =U19 -> 6 | X19: =SUM(G19+L19+O19+T19+W19) -> 78 | Y19: =SUMIF($E$12:$V$12,$Y$11,E19:V19) -> 0 | Z19: =SUMIF($E$12:$V$12,$Z$11,E19:V19) -> 47 | AA19: =SUMIF($E$12:$V$12,$AA$11,E19:V19) -> 31 | AB19: =IFERROR(IF(Y19/$Y$12*100>=50,"Y","N"),0) -> 0 | AC19: =IFERROR(IF(Z19/$Z$12*100>=50,"Y","N"),0) -> Y | AD19: =IFERROR(IF(AA19/$AA$12*100>=50,"Y","N"),0) -> Y | AE19: =(Z19/60)*100 -> 78.333333 | AF19: =AA19/40*100 -> 77.5
A20: 10 | B20: 932-2017 | C20: ='[6]Computer Network'!A33 -> 2023-IT-08 | D20: ='[6]Computer Network'!B33 -> Saleena Khan | E20: ='[6]Computer Network'!D33 -> 0 | G20: =E20 -> 0 | H20: 0 | I20: 0 | L20: ='[6]Computer Network'!E33 -> 0 | M20: ='[6]Computer Network'!F33 -> 0 | O20: =M20 -> 0 | P20: 0 | Q20: 0 | T20: ='[6]Computer Network'!G33 -> 0 | U20: ='[6]Computer Network'!H33 -> 0 | W20: =U20 -> 0 | X20: =SUM(G20+L20+O20+T20+W20) -> 0 | Y20: =SUMIF($E$12:$V$12,$Y$11,E20:V20) -> 0 | Z20: =SUMIF($E$12:$V$12,$Z$11,E20:V20) -> 0 | AA20: =SUMIF($E$12:$V$12,$AA$11,E20:V20) -> 0 | AB20: =IFERROR(IF(Y20/$Y$12*100>=50,"Y","N"),0) -> 0 | AC20: =IFERROR(IF(Z20/$Z$12*100>=50,"Y","N"),0) -> N | AD20: =IFERROR(IF(AA20/$AA$12*100>=50,"Y","N"),0) -> N | AE20: =(Z20/60)*100 -> 0 | AF20: =AA20/40*100 -> 0
A21: 11 | B21: 1169-2017 | C21: ='[6]Computer Network'!A34 -> 2023-IT-10 | D21: ='[6]Computer Network'!B34 -> Asad Ullah | E21: ='[6]Computer Network'!D34 -> 8 | G21: =E21 -> 8 | H21: 10 | I21: 13 | L21: ='[6]Computer Network'!E34 -> 13 | M21: ='[6]Computer Network'!F34 -> 9 | O21: =M21 -> 9 | P21: 10 | Q21: 8 | T21: ='[6]Computer Network'!G34 -> 18 | U21: ='[6]Computer Network'!H34 -> 8 | W21: =U21 -> 8 | X21: =SUM(G21+L21+O21+T21+W21) -> 56 | Y21: =SUMIF($E$12:$V$12,$Y$11,E21:V21) -> 0 | Z21: =SUMIF($E$12:$V$12,$Z$11,E21:V21) -> 41 | AA21: =SUMIF($E$12:$V$12,$AA$11,E21:V21) -> 25 | AB21: =IFERROR(IF(Y21/$Y$12*100>=50,"Y","N"),0) -> 0 | AC21: =IFERROR(IF(Z21/$Z$12*100>=50,"Y","N"),0) -> Y | AD21: =IFERROR(IF(AA21/$AA$12*100>=50,"Y","N"),0) -> Y | AE21: =(Z21/60)*100 -> 68.333333 | AF21: =AA21/40*100 -> 62.5
A22: 12 | B22: 1068-2017 | C22: ='[6]Computer Network'!A35 -> 2023-IT-11 | D22: ='[6]Computer Network'!B35 -> Rana Talha dawood | E22: ='[6]Computer Network'!D35 -> 9 | G22: =E22 -> 9 | H22: 10 | I22: 13 | L22: ='[6]Computer Network'!E35 -> 22 | M22: ='[6]Computer Network'!F35 -> 5 | O22: =M22 -> 5 | P22: 10 | Q22: 15 | T22: ='[6]Computer Network'!G35 -> 25 | U22: ='[6]Computer Network'!H35 -> 7 | W22: =U22 -> 7 | X22: =SUM(G22+L22+O22+T22+W22) -> 68 | Y22: =SUMIF($E$12:$V$12,$Y$11,E22:V22) -> 0 | Z22: =SUMIF($E$12:$V$12,$Z$11,E22:V22) -> 42 | AA22: =SUMIF($E$12:$V$12,$AA$11,E22:V22) -> 27 | AB22: =IFERROR(IF(Y22/$Y$12*100>=50,"Y","N"),0) -> 0 | AC22: =IFERROR(IF(Z22/$Z$12*100>=50,"Y","N"),0) -> Y | AD22: =IFERROR(IF(AA22/$AA$12*100>=50,"Y","N"),0) -> Y | AE22: =(Z22/60)*100 -> 70 | AF22: =AA22/40*100 -> 67.5
A23: 13 | B23: 933-2017 | C23: ='[6]Computer Network'!A36 -> 2023-IT-12 | D23: ='[6]Computer Network'!B36 -> Ali Ahmad | E23: ='[6]Computer Network'!D36 -> 7 | G23: =E23 -> 7 | H23: 10 | I23: 13 | L23: ='[6]Computer Network'!E36 -> 13 | M23: ='[6]Computer Network'!F36 -> 6 | O23: =M23 -> 6 | P23: 12 | Q23: 10 | T23: ='[6]Computer Network'!G36 -> 22 | U23: ='[6]Computer Network'!H36 -> 8 | W23: =U23 -> 8 | X23: =SUM(G23+L23+O23+T23+W23) -> 56 | Y23: =SUMIF($E$12:$V$12,$Y$11,E23:V23) -> 0 | Z23: =SUMIF($E$12:$V$12,$Z$11,E23:V23) -> 42 | AA23: =SUMIF($E$12:$V$12,$AA$11,E23:V23) -> 24 | AB23: =IFERROR(IF(Y23/$Y$12*100>=50,"Y","N"),0) -> 0 | AC23: =IFERROR(IF(Z23/$Z$12*100>=50,"Y","N"),0) -> Y | AD23: =IFERROR(IF(AA23/$AA$12*100>=50,"Y","N"),0) -> Y | AE23: =(Z23/60)*100 -> 70 | AF23: =AA23/40*100 -> 60
A24: 14 | B24: 934-2017 | C24: ='[6]Computer Network'!A37 -> 2023-IT-13 | D24: ='[6]Computer Network'!B37 -> Muhammad Daud | E24: ='[6]Computer Network'!D37 -> 8 | G24: =E24 -> 8 | H24: 8 | I24: 8 | L24: ='[6]Computer Network'!E37 -> 16 | M24: ='[6]Computer Network'!F37 -> 7 | O24: =M24 -> 7 | P24: 18 | Q24: 10 | T24: ='[6]Computer Network'!G37 -> 28 | U24: ='[6]Computer Network'!H37 -> 8 | W24: =U24 -> 8 | X24: =SUM(G24+L24+O24+T24+W24) -> 67 | Y24: =SUMIF($E$12:$V$12,$Y$11,E24:V24) -> 0 | Z24: =SUMIF($E$12:$V$12,$Z$11,E24:V24) -> 42 | AA24: =SUMIF($E$12:$V$12,$AA$11,E24:V24) -> 25 | AB24: =IFERROR(IF(Y24/$Y$12*100>=50,"Y","N"),0) -> 0 | AC24: =IFERROR(IF(Z24/$Z$12*100>=50,"Y","N"),0) -> Y | AD24: =IFERROR(IF(AA24/$AA$12*100>=50,"Y","N"),0) -> Y | AE24: =(Z24/60)*100 -> 70 | AF24: =AA24/40*100 -> 62.5
... A35: 28 | B35: 954-2017 | C35: ='[6]Computer Network'!A48 -> 2023-IT-38 | D35: ='[6]Computer Network'!B48 -> Sherzaman Bukhari | E35: ='[6]Computer Network'!D48 -> 9 | G35: =E35 -> 9 | H35: 4 | I35: 5 | L35: ='[6]Computer Network'!E48 -> 9 | M35: ='[6]Computer Network'!F48 -> 8 | O35: =M35 -> 8 | P35: 15 | Q35: 10 | T35: ='[6]Computer Network'!G48 -> 25 | U35: ='[6]Computer Network'!H48 -> 7 | W35: =U35 -> 7 | X35: =SUM(G35+L35+O35+T35+W35) -> 58 | Y35: =SUMIF($E$12:$V$12,$Y$11,E35:V35) -> 0 | Z35: =SUMIF($E$12:$V$12,$Z$11,E35:V35) -> 33 | AA35: =SUMIF($E$12:$V$12,$AA$11,E35:V35) -> 25 | AB35: =IFERROR(IF(Y35/$Y$12*100>=50,"Y","N"),0) -> 0 | AC35: =IFERROR(IF(Z35/$Z$12*100>=50,"Y","N"),0) -> Y | AD35: =IFERROR(IF(AA35/$AA$12*100>=50,"Y","N"),0) -> Y | AE35: =(Z35/60)*100 -> 55 | AF35: =AA35/40*100 -> 62.5
C36: ='[6]Computer Network'!A49 -> 2023-IT-40 | D36: ='[6]Computer Network'!B49 -> Ahmad Raza Shareef | E36: ='[6]Computer Network'!D49 -> 8 | G36: =E36 -> 8 | H36: 6 | I36: 10 | L36: ='[6]Computer Network'!E49 -> 16 | M36: ='[6]Computer Network'!F49 -> 9 | O36: =M36 -> 9 | P36: 10 | Q36: 14 | T36: ='[6]Computer Network'!G49 -> 24 | U36: ='[6]Computer Network'!H49 -> 5 | W36: =U36 -> 5 | X36: =SUM(G36+L36+O36+T36+W36) -> 62 | Y36: =SUMIF($E$12:$V$12,$Y$11,E36:V36) -> 0 | Z36: =SUMIF($E$12:$V$12,$Z$11,E36:V36) -> 34 | AA36: =SUMIF($E$12:$V$12,$AA$11,E36:V36) -> 28 | AB36: =IFERROR(IF(Y36/$Y$12*100>=50,"Y","N"),0) -> 0 | AC36: =IFERROR(IF(Z36/$Z$12*100>=50,"Y","N"),0) -> Y | AD36: =IFERROR(IF(AA36/$AA$12*100>=50,"Y","N"),0) -> Y | AE36: =(Z36/60)*100 -> 56.666667 | AF36: =AA36/40*100 -> 70
C37: ='[6]Computer Network'!A50 -> 2023-IT-41 | D37: ='[6]Computer Network'!B50 -> Anas Noor | E37: ='[6]Computer Network'!D50 -> 0 | G37: =E37 -> 0 | H37: 0 | I37: 0 | L37: ='[6]Computer Network'!E50 -> 0 | M37: ='[6]Computer Network'!F50 -> 0 | O37: =M37 -> 0 | P37: 0 | Q37: 0 | T37: ='[6]Computer Network'!G50 -> 0 | U37: ='[6]Computer Network'!H50 -> 0 | W37: =U37 -> 0 | X37: =SUM(G37+L37+O37+T37+W37) -> 0 | Y37: =SUMIF($E$12:$V$12,$Y$11,E37:V37) -> 0 | Z37: =SUMIF($E$12:$V$12,$Z$11,E37:V37) -> 0 | AA37: =SUMIF($E$12:$V$12,$AA$11,E37:V37) -> 0 | AB37: =IFERROR(IF(Y37/$Y$12*100>=50,"Y","N"),0) -> 0 | AC37: =IFERROR(IF(Z37/$Z$12*100>=50,"Y","N"),0) -> N | AD37: =IFERROR(IF(AA37/$AA$12*100>=50,"Y","N"),0) -> N | AE37: =(Z37/60)*100 -> 0 | AF37: =AA37/40*100 -> 0
C38: ='[6]Computer Network'!A51 -> 2023-IT-42 | D38: ='[6]Computer Network'!B51 -> Muhammad Moosa Bhatti | E38: ='[6]Computer Network'!D51 -> 8 | G38: =E38 -> 8 | H38: 4 | I38: 8 | L38: ='[6]Computer Network'!E51 -> 12 | M38: ='[6]Computer Network'!F51 -> 8 | O38: =M38 -> 8 | P38: 10 | Q38: 10 | T38: ='[6]Computer Network'!G51 -> 20 | U38: ='[6]Computer Network'!H51 -> 9 | W38: =U38 -> 9 | X38: =SUM(G38+L38+O38+T38+W38) -> 57 | Y38: =SUMIF($E$12:$V$12,$Y$11,E38:V38) -> 0 | Z38: =SUMIF($E$12:$V$12,$Z$11,E38:V38) -> 30 | AA38: =SUMIF($E$12:$V$12,$AA$11,E38:V38) -> 27 | AB38: =IFERROR(IF(Y38/$Y$12*100>=50,"Y","N"),0) -> 0 | AC38: =IFERROR(IF(Z38/$Z$12*100>=50,"Y","N"),0) -> Y | AD38: =IFERROR(IF(AA38/$AA$12*100>=50,"Y","N"),0) -> Y | AE38: =(Z38/60)*100 -> 50 | AF38: =AA38/40*100 -> 67.5
C39: ='[6]Computer Network'!A52 -> 2023-IT-44 | D39: ='[6]Computer Network'!B52 -> Muhammad Nouman Aslam | E39: ='[6]Computer Network'!D52 -> 9 | G39: =E39 -> 9 | H39: 6 | I39: 10 | L39: ='[6]Computer Network'!E52 -> 16 | M39: ='[6]Computer Network'!F52 -> 9 | O39: =M39 -> 9 | P39: 18 | Q39: 12 | T39: ='[6]Computer Network'!G52 -> 30 | U39: ='[6]Computer Network'!H52 -> 8 | W39: =U39 -> 8 | X39: =SUM(G39+L39+O39+T39+W39) -> 72 | Y39: =SUMIF($E$12:$V$12,$Y$11,E39:V39) -> 0 | Z39: =SUMIF($E$12:$V$12,$Z$11,E39:V39) -> 43 | AA39: =SUMIF($E$12:$V$12,$AA$11,E39:V39) -> 29 | AB39: =IFERROR(IF(Y39/$Y$12*100>=50,"Y","N"),0) -> 0 | AC39: =IFERROR(IF(Z39/$Z$12*100>=50,"Y","N"),0) -> Y | AD39: =IFERROR(IF(AA39/$AA$12*100>=50,"Y","N"),0) -> Y | AE39: =(Z39/60)*100 -> 71.666667 | AF39: =AA39/40*100 -> 72.5
C40: ='[6]Computer Network'!A53 -> 2023-IT-46 | D40: ='[6]Computer Network'!B53 -> Muhammad Haseeb Anjum | E40: ='[6]Computer Network'!D53 -> 10 | G40: =E40 -> 10 | H40: 8 | I40: 12 | L40: ='[6]Computer Network'!E53 -> 20 | M40: ='[6]Computer Network'!F53 -> 5 | O40: =M40 -> 5 | P40: 15 | Q40: 16 | T40: ='[6]Computer Network'!G53 -> 31 | U40: ='[6]Computer Network'!H53 -> 6 | W40: =U40 -> 6 | X40: =SUM(G40+L40+O40+T40+W40) -> 72 | Y40: =SUMIF($E$12:$V$12,$Y$11,E40:V40) -> 0 | Z40: =SUMIF($E$12:$V$12,$Z$11,E40:V40) -> 45 | AA40: =SUMIF($E$12:$V$12,$AA$11,E40:V40) -> 27 | AB40: =IFERROR(IF(Y40/$Y$12*100>=50,"Y","N"),0) -> 0 | AC40: =IFERROR(IF(Z40/$Z$12*100>=50,"Y","N"),0) -> Y | AD40: =IFERROR(IF(AA40/$AA$12*100>=50,"Y","N"),0) -> Y | AE40: =(Z40/60)*100 -> 75 | AF40: =AA40/40*100 -> 67.5
C41: ='[6]Computer Network'!A54 -> 2023-IT-48 | D41: ='[6]Computer Network'!B54 -> Muhammad Arslan Waheed | E41: ='[6]Computer Network'!D54 -> 9 | G41: =E41 -> 9 | H41: 9 | I41: 12 | L41: ='[6]Computer Network'!E54 -> 21 | M41: ='[6]Computer Network'!F54 -> 9 | O41: =M41 -> 9 | P41: 13 | Q41: 10 | T41: ='[6]Computer Network'!G54 -> 23 | U41: ='[6]Computer Network'!H54 -> 8 | W41: =U41 -> 8 | X41: =SUM(G41+L41+O41+T41+W41) -> 70 | Y41: =SUMIF($E$12:$V$12,$Y$11,E41:V41) -> 0 | Z41: =SUMIF($E$12:$V$12,$Z$11,E41:V41) -> 43 | AA41: =SUMIF($E$12:$V$12,$AA$11,E41:V41) -> 27 | AB41: =IFERROR(IF(Y41/$Y$12*100>=50,"Y","N"),0) -> 0 | AC41: =IFERROR(IF(Z41/$Z$12*100>=50,"Y","N"),0) -> Y | AD41: =IFERROR(IF(AA41/$AA$12*100>=50,"Y","N"),0) -> Y | AE41: =(Z41/60)*100 -> 71.666667 | AF41: =AA41/40*100 -> 67.5
C42: ='[6]Computer Network'!A55 -> 2023-IT-50 | D42: ='[6]Computer Network'!B55 -> Hafiz Muhammad Hasnain Saif | E42: ='[6]Computer Network'!D55 -> 7 | G42: =E42 -> 7 | H42: 9 | I42: 10 | L42: ='[6]Computer Network'!E55 -> 19 | M42: ='[6]Computer Network'!F55 -> 6 | O42: =M42 -> 6 | P42: 15 | Q42: 16 | T42: ='[6]Computer Network'!G55 -> 31 | U42: ='[6]Computer Network'!H55 -> 7 | W42: =U42 -> 7 | X42: =SUM(G42+L42+O42+T42+W42) -> 70 | Y42: =SUMIF($E$12:$V$12,$Y$11,E42:V42) -> 0 | Z42: =SUMIF($E$12:$V$12,$Z$11,E42:V42) -> 41 | AA42: =SUMIF($E$12:$V$12,$AA$11,E42:V42) -> 29 | AB42: =IFERROR(IF(Y42/$Y$12*100>=50,"Y","N"),0) -> 0 | AC42: =IFERROR(IF(Z42/$Z$12*100>=50,"Y","N"),0) -> Y | AD42: =IFERROR(IF(AA42/$AA$12*100>=50,"Y","N"),0) -> Y | AE42: =(Z42/60)*100 -> 68.333333 | AF42: =AA42/40*100 -> 72.5
C43: ='[6]Computer Network'!A56 -> 2023-IT-54 | D43: ='[6]Computer Network'!B56 -> Muhammad Zeeshan | E43: ='[6]Computer Network'!D56 -> 9 | G43: =E43 -> 9 | H43: 9 | I43: 10 | L43: ='[6]Computer Network'!E56 -> 19 | M43: ='[6]Computer Network'!F56 -> 8 | O43: =M43 -> 8 | P43: 15 | Q43: 10 | T43: ='[6]Computer Network'!G56 -> 25 | U43: ='[6]Computer Network'!H56 -> 8 | W43: =U43 -> 8 | X43: =SUM(G43+L43+O43+T43+W43) -> 69 | Y43: =SUMIF($E$12:$V$12,$Y$11,E43:V43) -> 0 | Z43: =SUMIF($E$12:$V$12,$Z$11,E43:V43) -> 43 | AA43: =SUMIF($E$12:$V$12,$AA$11,E43:V43) -> 26 | AB43: =IFERROR(IF(Y43/$Y$12*100>=50,"Y","N"),0) -> 0 | AC43: =IFERROR(IF(Z43/$Z$12*100>=50,"Y","N"),0) -> Y | AD43: =IFERROR(IF(AA43/$AA$12*100>=50,"Y","N"),0) -> Y | AE43: =(Z43/60)*100 -> 71.666667 | AF43: =AA43/40*100 -> 65
C44: ='[6]Computer Network'!A57 -> 2023-IT-56 | D44: ='[6]Computer Network'!B57 -> Muhammad Adeel | E44: ='[6]Computer Network'!D57 -> 9 | G44: =E44 -> 9 | H44: 5 | I44: 10 | L44: ='[6]Computer Network'!E57 -> 15 | M44: ='[6]Computer Network'!F57 -> 8 | O44: =M44 -> 8 | P44: 7 | Q44: 10 | T44: ='[6]Computer Network'!G57 -> 17 | U44: ='[6]Computer Network'!H57 -> 4 | W44: =U44 -> 4 | X44: =SUM(G44+L44+O44+T44+W44) -> 53 | Y44: =SUMIF($E$12:$V$12,$Y$11,E44:V44) -> 0 | Z44: =SUMIF($E$12:$V$12,$Z$11,E44:V44) -> 31 | AA44: =SUMIF($E$12:$V$12,$AA$11,E44:V44) -> 22 | AB44: =IFERROR(IF(Y44/$Y$12*100>=50,"Y","N"),0) -> 0 | AC44: =IFERROR(IF(Z44/$Z$12*100>=50,"Y","N"),0) -> Y | AD44: =IFERROR(IF(AA44/$AA$12*100>=50,"Y","N"),0) -> Y | AE44: =(Z44/60)*100 -> 51.666667 | AF44: =AA44/40*100 -> 55
C45: ='[6]Computer Network'!A58 -> 2023-IT-60 | D45: ='[6]Computer Network'!B58 -> Mughees Ahmad | E45: ='[6]Computer Network'!D58 -> 7 | G45: =E45 -> 7 | H45: 6 | I45: 10 | L45: ='[6]Computer Network'!E58 -> 16 | M45: ='[6]Computer Network'!F58 -> 6 | O45: =M45 -> 6 | P45: 18 | Q45: 10 | T45: ='[6]Computer Network'!G58 -> 28 | U45: ='[6]Computer Network'!H58 -> 7 | W45: =U45 -> 7 | X45: =SUM(G45+L45+O45+T45+W45) -> 64 | Y45: =SUMIF($E$12:$V$12,$Y$11,E45:V45) -> 0 | Z45: =SUMIF($E$12:$V$12,$Z$11,E45:V45) -> 41 | AA45: =SUMIF($E$12:$V$12,$AA$11,E45:V45) -> 23 | AB45: =IFERROR(IF(Y45/$Y$12*100>=50,"Y","N"),0) -> 0 | AC45: =IFERROR(IF(Z45/$Z$12*100>=50,"Y","N"),0) -> Y | AD45: =IFERROR(IF(AA45/$AA$12*100>=50,"Y","N"),0) -> Y | AE45: =(Z45/60)*100 -> 68.333333 | AF45: =AA45/40*100 -> 57.5
C46: ='[6]Computer Network'!A59 -> 2023-IT-62 | D46: ='[6]Computer Network'!B59 -> Muhammad Azeem | E46: ='[6]Computer Network'!D59 -> 10 | G46: =E46 -> 10 | H46: 5 | I46: 10 | L46: ='[6]Computer Network'!E59 -> 15 | M46: ='[6]Computer Network'!F59 -> 6 | O46: =M46 -> 6 | P46: 18 | Q46: 10 | T46: ='[6]Computer Network'!G59 -> 28 | U46: ='[6]Computer Network'!H59 -> 7 | W46: =U46 -> 7 | X46: =SUM(G46+L46+O46+T46+W46) -> 66 | Y46: =SUMIF($E$12:$V$12,$Y$11,E46:V46) -> 0 | Z46: =SUMIF($E$12:$V$12,$Z$11,E46:V46) -> 43 | AA46: =SUMIF($E$12:$V$12,$AA$11,E46:V46) -> 23 | AB46: =IFERROR(IF(Y46/$Y$12*100>=50,"Y","N"),0) -> 0 | AC46: =IFERROR(IF(Z46/$Z$12*100>=50,"Y","N"),0) -> Y | AD46: =IFERROR(IF(AA46/$AA$12*100>=50,"Y","N"),0) -> Y | AE46: =(Z46/60)*100 -> 71.666667 | AF46: =AA46/40*100 -> 57.5
C47: ='[6]Computer Network'!A60 -> 2023-IT-64 | D47: ='[6]Computer Network'!B60 -> Abdul Ahad | E47: ='[6]Computer Network'!D60 -> 0 | G47: =E47 -> 0 | H47: 0 | I47: 0 | L47: ='[6]Computer Network'!E60 -> 0 | M47: ='[6]Computer Network'!F60 -> 0 | O47: =M47 -> 0 | P47: 0 | Q47: 0 | T47: ='[6]Computer Network'!G60 -> 0 | U47: ='[6]Computer Network'!H60 -> 0 | W47: =U47 -> 0 | X47: =SUM(G47+L47+O47+T47+W47) -> 0 | Y47: =SUMIF($E$12:$V$12,$Y$11,E47:V47) -> 0 | Z47: =SUMIF($E$12:$V$12,$Z$11,E47:V47) -> 0 | AA47: =SUMIF($E$12:$V$12,$AA$11,E47:V47) -> 0 | AB47: =IFERROR(IF(Y47/$Y$12*100>=50,"Y","N"),0) -> 0 | AC47: =IFERROR(IF(Z47/$Z$12*100>=50,"Y","N"),0) -> N | AD47: =IFERROR(IF(AA47/$AA$12*100>=50,"Y","N"),0) -> N | AE47: =(Z47/60)*100 -> 0 | AF47: =AA47/40*100 -> 0
... C56: ='[6]Computer Network'!A69 -> 2023-IT-80 | D56: ='[6]Computer Network'!B69 -> Ali Raza | E56: ='[6]Computer Network'!D69 -> 7 | G56: =E56 -> 7 | H56: 8 | I56: 10 | L56: ='[6]Computer Network'!E69 -> 18 | M56: ='[6]Computer Network'!F69 -> 8 | O56: =M56 -> 8 | P56: 14 | Q56: 14 | T56: ='[6]Computer Network'!G69 -> 28 | U56: ='[6]Computer Network'!H69 -> 8 | W56: =U56 -> 8 | X56: =SUM(G56+L56+O56+T56+W56) -> 69 | Y56: =SUMIF($E$12:$V$12,$Y$11,E56:V56) -> 0 | Z56: =SUMIF($E$12:$V$12,$Z$11,E56:V56) -> 39 | AA56: =SUMIF($E$12:$V$12,$AA$11,E56:V56) -> 30 | AB56: =IFERROR(IF(Y56/$Y$12*100>=50,"Y","N"),0) -> 0 | AC56: =IFERROR(IF(Z56/$Z$12*100>=50,"Y","N"),0) -> Y | AD56: =IFERROR(IF(AA56/$AA$12*100>=50,"Y","N"),0) -> Y | AE56: =(Z56/60)*100 -> 65 | AF56: =AA56/40*100 -> 75
C57: No. of Std achieve PLO | F57: =Y11 -> PLO1 | G57: =COUNTIF($AB$13:$AB$55,"Y") -> 0 | H57: =COUNTIF($AB$13:$AB$55,"N") -> 0
F58: =Z11 -> PLO2 | G58: =COUNTIF($AC$13:$AC$55,"Y") -> 35 | H58: =COUNTIF($AC$13:$AC$55,"N") -> 8
F59: =AA11 -> PLO3 | G59: =COUNTIF($AD$13:$AD$55,"Y") -> 37 | H59: =COUNTIF($AD$13:$AD$55,"N") -> 6
A60: 9 | B60: 1603-2017
A61: 10 | B61: 1272-2017
A62: 11 | B62: 1225-2017
A63: 12 | B63: 1186-2017
A64: 13 | B64: 1222-2017
A65: 14 | B65: 1198-2017
A66: 15 | B66: 1426-2017
A67: 16 | B67: 1294-2017
A68: 17 | B68: 1609-2017
A69: 18 | B69: 945-2017
A70: 19 | B70: 1196-2017
A71: 20 | B71: 947-2017
A72: 21 | B72: 949-2017
A73: 22 | B73: 1168-2017 | F73: Teacher Incharge Signature | V73: Incharge Department Signature
A74: 23 | B74: 1197-2017 | F74: =J5 -> Name: Mr. Arbab Haider | V74: (Engr.Dr. Muhammad Shahzad)
A75: 24 | B75: 1273-2017
A76: 25 | B76: 1194-2017
A77: 26 | B77: 1271-2017

Sheet Linear Algebra 2
C1: MNS - UNIVERSITY OF ENGINEERING AND TECHNOLOGY MULTAN
C2: Department of Computer Science
C3: Program: | D3: BS Information Technology | H3: Semester: | J3: 2nd Semester
C4: Session: | D4: Fall 2023 (Evening) Section-A | J4: Spring 2024
C5: Course: | D5: ='[9]Linear Algebra'!B5 -> Title (Code): Linear Algebra (MTH-124) | H5: Instructor: | J5: ='[9]Linear Algebra'!H5 -> Name: Dr. Farooq
D6: Credit Hours: 3 | E6: Theory
A7: OBE Assessment | E7: CLO1 | F7: CLO2 | G7: CLO3 | H7: CLO4 | I7: CLO5 | J7: CLO6 | K7: CLO7 | L7: CLO8 | M7: CLO9 | N7: CLO10 | O7: Total | P7: PLO1 | Q7: PLO2 | R7: PLO3 | S7: PLO4 | T7: PLO5 | U7: PLO6 | V7: PLO7 | W7: PLO8 | X7: PLO9 | Y7: PLO10 | Z7: Total
E8: {=TRANSPOSE(_xlfn._xlws.FILTER('[9]CLO & PLO'!K1:K10,'Linear Algebra 2'!E7='[9]CLO & PLO'!A1))} -> 30 | F8: 40 | G8: 20 | H8: 10 | I8: 0 | J8: 0 | K8: 0 | L8: 0 | M8: 0 | N8: 0 | O8: =SUM(E8:N8) -> 100 | P8: {=TRANSPOSE( _xlfn._xlws.FILTER('[9]CLO & PLO'!X1:X10,'[9]CLO & PLO'!N1='Linear Algebra 2'!P7))} -> 0 | Q8: 70 | R8: 0 | S8: 30 | T8: 0 | U8: 0 | V8: 0 | W8: 0 | X8: 0 | Y8: 0 | Z8: =SUM(P8:X8) -> 100
A9: S# | B9: CMS ID | C9: Assessment Tool ―→ | E9: Quiz1 | H9: Mid | M9: QuizII | P9: Final | U9: C.P | X9: Total | Y9: PLO Assessment | AB9: PLO Achieved
C10: Marks | E10: 10 | G10: =SUM(C10:F10) -> 10 | H10: 10 | I10: 20 | L10: =SUM(H10:K10) -> 30 | M10: 10 | O10: =SUM(M10:N10) -> 10 | P10: 20 | Q10: 20 | T10: =SUM(P10:S10) -> 40 | U10: 10 | W10: =SUM(U10:V10) -> 10 | X10: =G10+L10+O10+T10+W10 -> 100 | AE10: Percentage
C11: Target CLO | E11: CLO2 | G11: Total | H11: CLO1 | I11: CLO2 | L11: Total | M11: CLO4 | O11: Total | P11: CLO1 | Q11: CLO3 | T11: Total | U11: CLO2 | W11: Total | Y11: PLO1 | Z11: PLO2 | AA11: PLO4 | AB11: =Y11 -> PLO1 | AC11: =Z11 -> PLO2 | AD11: =AA11 -> PLO4 | AE11: PLO 2 | AF11: PLO 4
C12: Registration No | D12: Target PLO | E12: PLO2 | H12: PLO2 | I12: PLO2 | M12: PLO4 | P12: PLO2 | Q12: PLO4 | U12: PLO2 | Y12: {=IFERROR(_xlfn._xlws.FILTER(_xlfn.ANCHORARRAY(P8),Y11=$P$7:$Y$7),0)} -> 0 | Z12: {=IFERROR(_xlfn._xlws.FILTER(_xlfn.ANCHORARRAY(P8),Z11=$P$7:$Y$7),0)} -> 70 | AA12: {=IFERROR(_xlfn._xlws.FILTER(_xlfn.ANCHORARRAY(P8),AA11=$P$7:$Y$7),0)} -> 30 | AB12: {=IFERROR(_xlfn._xlws.FILTER(_xlfn.ANCHORARRAY(P8),AB11=$P$7:$Y$7),0)} -> 0 | AC12: {=IFERROR(_xlfn._xlws.FILTER(_xlfn.ANCHORARRAY(P8),AC11=$P$7:$Y$7),0)} -> 70 | AD12: {=IFERROR(_xlfn._xlws.FILTER(_xlfn.ANCHORARRAY(P8),AD11=$P$7:$Y$7),0)} -> 30
A13: 1 | B13: 917-2017 | C13: ='[9]Linear Algebra'!A26 -> 2023-IT-01 | D13: ='[9]Linear Algebra'!B26 -> Rahma Noor | E13: ='[9]Linear Algebra'!D26 -> 8 | G13: =E13 -> 8 | H13: 10 | I13: 12 | L13: ='[9]Linear Algebra'!E26 -> 22 | M13: ='[9]Linear Algebra'!F26 -> 8 | O13: =M13 -> 8 | P13: 14 | Q13: 15 | T13: ='[9]Linear Algebra'!G26 -> 29 | U13: ='[9]Linear Algebra'!H26 -> 8 | W13: =U13 -> 8 | X13: =SUM(G13+L13+O13+T13+W13) -> 75 | Y13: =SUMIF($E$12:$V$12,$Y$11,E13:V13) -> 0 | Z13: =SUMIF($E$12:$V$12,$Z$11,E13:V13) -> 52 | AA13: =SUMIF($E$12:$V$12,$AA$11,E13:V13) -> 23 | AB13: =IFERROR(IF(Y13/$Y$12*100>=50,"Y","N"),0) -> 0 | AC13: =IFERROR(IF(Z13/$Z$12*100>=50,"Y","N"),0) -> Y | AD13: =IFERROR(IF(AA13/$AA$12*100>=50,"Y","N"),0) -> Y | AE13: =Z13/70*100 -> 74.285714 | AF13: =AA13/30*100 -> 76.666667
A14: 2 | B14: 918-2017 | C14: ='[9]Linear Algebra'!A27 -> 2023-IT-02 | D14: ='[9]Linear Algebra'!B27 -> Alishba Manzoor | E14: ='[9]Linear Algebra'!D27 -> 7 | G14: =E14 -> 7 | H14: 8 | I14: 10 | L14: ='[9]Linear Algebra'!E27 -> 18 | M14: ='[9]Linear Algebra'!F27 -> 7 | O14: =M14 -> 7 | P14: 12 | Q14: 14 | T14: ='[9]Linear Algebra'!G27 -> 26 | U14: ='[9]Linear Algebra'!H27 -> 7 | W14: =U14 -> 7 | X14: =SUM(G14+L14+O14+T14+W14) -> 65 | Y14: =SUMIF($E$12:$V$12,$Y$11,E14:V14) -> 0 | Z14: =SUMIF($E$12:$V$12,$Z$11,E14:V14) -> 44 | AA14: =SUMIF($E$12:$V$12,$AA$11,E14:V14) -> 21 | AB14: =IFERROR(IF(Y14/$Y$12*100>=50,"Y","N"),0) -> 0 | AC14: =IFERROR(IF(Z14/$Z$12*100>=50,"Y","N"),0) -> Y | AD14: =IFERROR(IF(AA14/$AA$12*100>=50,"Y","N"),0) -> Y | AE14: =Z14/70*100 -> 62.857143 | AF14: =AA14/30*100 -> 70
A15: 3 | B15: 919-2017 | C15: ='[9]Linear Algebra'!A28 -> 2023-IT-03 | D15: ='[9]Linear Algebra'!B28 -> Maheen Fatima | E15: ='[9]Linear Algebra'!D28 -> 6 | G15: =E15 -> 6 | H15: 6 | I15: 10 | L15: ='[9]Linear Algebra'!E28 -> 16 | M15: ='[9]Linear Algebra'!F28 -> 7 | O15: =M15 -> 7 | P15: 12 | Q15: 16 | T15: ='[9]Linear Algebra'!G28 -> 28 | U15: ='[9]Linear Algebra'!H28 -> 7 | W15: =U15 -> 7 | X15: =SUM(G15+L15+O15+T15+W15) -> 64 | Y15: =SUMIF($E$12:$V$12,$Y$11,E15:V15) -> 0 | Z15: =SUMIF($E$12:$V$12,$Z$11,E15:V15) -> 41 | AA15: =SUMIF($E$12:$V$12,$AA$11,E15:V15) -> 23 | AB15: =IFERROR(IF(Y15/$Y$12*100>=50,"Y","N"),0) -> 0 | AC15: =IFERROR(IF(Z15/$Z$12*100>=50,"Y","N"),0) -> Y | AD15: =IFERROR(IF(AA15/$AA$12*100>=50,"Y","N"),0) -> Y | AE15: =Z15/70*100 -> 58.571429 | AF15: =AA15/30*100 -> 76.666667
A16: 4 | B16: 921-2017 | C16: ='[9]Linear Algebra'!A29 -> 2023-IT-04 | D16: ='[9]Linear Algebra'!B29 -> Aneela | E16: ='[9]Linear Algebra'!D29 -> 8 | G16: =E16 -> 8 | H16: 8 | I16: 12 | L16: ='[9]Linear Algebra'!E29 -> 20 | M16: ='[9]Linear Algebra'!F29 -> 8 | O16: =M16 -> 8 | P16: 10 | Q16: 19 | T16: ='[9]Linear Algebra'!G29 -> 29 | U16: ='[9]Linear Algebra'!H29 -> 9 | W16: =U16 -> 9 | X16: =SUM(G16+L16+O16+T16+W16) -> 74 | Y16: =SUMIF($E$12:$V$12,$Y$11,E16:V16) -> 0 | Z16: =SUMIF($E$12:$V$12,$Z$11,E16:V16) -> 47 | AA16: =SUMIF($E$12:$V$12,$AA$11,E16:V16) -> 27 | AB16: =IFERROR(IF(Y16/$Y$12*100>=50,"Y","N"),0) -> 0 | AC16: =IFERROR(IF(Z16/$Z$12*100>=50,"Y","N"),0) -> Y | AD16: =IFERROR(IF(AA16/$AA$12*100>=50,"Y","N"),0) -> Y | AE16: =Z16/70*100 -> 67.142857 | AF16: =AA16/30*100 -> 90
A17: 5 | B17: 922-2017 | C17: ='[9]Linear Algebra'!A30 -> 2023-IT-05 | D17: ='[9]Linear Algebra'!B30 -> Alishba Saleem | E17: ='[9]Linear Algebra'!D30 -> 6 | G17: =E17 -> 6 | H17: 6 | I17: 8 | L17: ='[9]Linear Algebra'!E30 -> 14 | M17: ='[9]Linear Algebra'!F30 -> 8 | O17: =M17 -> 8 | P17: 15 | Q17: 19 | T17: ='[9]Linear Algebra'!G30 -> 34 | U17: ='[9]Linear Algebra'!H30 -> 9 | W17: =U17 -> 9 | X17: =SUM(G17+L17+O17+T17+W17) -> 71 | Y17: =SUMIF($E$12:$V$12,$Y$11,E17:V17) -> 0 | Z17: =SUMIF($E$12:$V$12,$Z$11,E17:V17) -> 44 | AA17: =SUMIF($E$12:$V$12,$AA$11,E17:V17) -> 27 | AB17: =IFERROR(IF(Y17/$Y$12*100>=50,"Y","N"),0) -> 0 | AC17: =IFERROR(IF(Z17/$Z$12*100>=50,"Y","N"),0) -> Y | AD17: =IFERROR(IF(AA17/$AA$12*100>=50,"Y","N"),0) -> Y | AE17: =Z17/70*100 -> 62.857143 | AF17: =AA17/30*100 -> 90
A18: 6 | B18: 923-2017 | C18: ='[9]Linear Algebra'!A31 -> 2023-IT-06 | D18: ='[9]Linear Algebra'!B31 -> Mehak Asghar | E18: ='[9]Linear Algebra'!D31 -> 9 | G18: =E18 -> 9 | H18: 9 | I18: 12 | L18: ='[9]Linear Algebra'!E31 -> 21 | M18: ='[9]Linear Algebra'!F31 -> 8 | O18: =M18 -> 8 | P18: 15 | Q18: 18 | T18: ='[9]Linear Algebra'!G31 -> 33 | U18: ='[9]Linear Algebra'!H31 -> 9 | W18: =U18 -> 9 | X18: =SUM(G18+L18+O18+T18+W18) -> 80 | Y18: =SUMIF($E$12:$V$12,$Y$11,E18:V18) -> 0 | Z18: =SUMIF($E$12:$V$12,$Z$11,E18:V18) -> 54 | AA18: =SUMIF($E$12:$V$12,$AA$11,E18:V18) -> 26 | AB18: =IFERROR(IF(Y18/$Y$12*100>=50,"Y","N"),0) -> 0 | AC18: =IFERROR(IF(Z18/$Z$12*100>=50,"Y","N"),0) -> Y | AD18: =IFERROR(IF(AA18/$AA$12*100>=50,"Y","N"),0) -> Y | AE18: =Z18/70*100 -> 77.142857 | AF18: =AA18/30*100 -> 86.666667
A19: 7 | B19: 1144-2017 | C19: ='[9]Linear Algebra'!A32 -> 2023-IT-07 | D19: ='[9]Linear Algebra'!B32 -> Humaira Afzal | E19: ='[9]Linear Algebra'!D32 -> 9 | G19: =E19 -> 9 | H19: 10 | I19: 16 | L19: ='[9]Linear Algebra'!E32 -> 26 | M19: ='[9]Linear Algebra'!F32 -> 9 | O19: =M19 -> 9 | P19: 15 | Q19: 19 | T19: ='[9]Linear Algebra'!G32 -> 34 | U19: ='[9]Linear Algebra'!H32 -> 9 | W19: =U19 -> 9 | X19: =SUM(G19+L19+O19+T19+W19) -> 87 | Y19: =SUMIF($E$12:$V$12,$Y$11,E19:V19) -> 0 | Z19: =SUMIF($E$12:$V$12,$Z$11,E19:V19) -> 59 | AA19: =SUMIF($E$12:$V$12,$AA$11,E19:V19) -> 28 | AB19: =IFERROR(IF(Y19/$Y$12*100>=50,"Y","N"),0) -> 0 | AC19: =IFERROR(IF(Z19/$Z$12*100>=50,"Y","N"),0) -> Y | AD19: =IFERROR(IF(AA19/$AA$12*100>=50,"Y","N"),0) -> Y | AE19: =Z19/70*100 -> 84.285714 | AF19: =AA19/30*100 -> 93.333333
A20: 10 | B20: 932-2017 | C20: ='[9]Linear Algebra'!A33 -> 2023-IT-08 | D20: ='[9]Linear Algebra'!B33 -> Saleena Khan | E20: ='[9]Linear Algebra'!D33 -> 0 | G20: =E20 -> 0 | H20: 0 | I20: 0 | L20: ='[9]Linear Algebra'!E33 -> 0 | M20: ='[9]Linear Algebra'!F33 -> 0 | O20: =M20 -> 0 | P20: 0 | Q20: 0 | T20: ='[9]Linear Algebra'!G33 -> 0 | U20: ='[9]Linear Algebra'!H33 -> 0 | W20: =U20 -> 0 | X20: =SUM(G20+L20+O20+T20+W20) -> 0 | Y20: =SUMIF($E$12:$V$12,$Y$11,E20:V20) -> 0 | Z20: =SUMIF($E$12:$V$12,$Z$11,E20:V20) -> 0 | AA20: =SUMIF($E$12:$V$12,$AA$11,E20:V20) -> 0 | AB20: =IFERROR(IF(Y20/$Y$12*100>=50,"Y","N"),0) -> 0 | AC20: =IFERROR(IF(Z20/$Z$12*100>=50,"Y","N"),0) -> N | AD20: =IFERROR(IF(AA20/$AA$12*100>=50,"Y","N"),0) -> N | AE20: =Z20/70*100 -> 0 | AF20: =AA20/30*100 -> 0
A21: 11 | B21: 1169-2017 | C21: ='[9]Linear Algebra'!A34 -> 2023-IT-10 | D21: ='[9]Linear Algebra'!B34 -> Asad Ullah | E21: ='[9]Linear Algebra'!D34 -> 6 | G21: =E21 -> 6 | H21: 10 | I21: 13 | L21: ='[9]Linear Algebra'!E34 -> 13 | M21: ='[9]Linear Algebra'!F34 -> 6 | O21: =M21 -> 6 | P21: 7 | Q21: 10 | T21: ='[9]Linear Algebra'!G34 -> 17 | U21: ='[9]Linear Algebra'!H34 -> 8 | W21: =U21 -> 8 | X21: =SUM(G21+L21+O21+T21+W21) -> 50 | Y21: =SUMIF($E$12:$V$12,$Y$11,E21:V21) -> 0 | Z21: =SUMIF($E$12:$V$12,$Z$11,E21:V21) -> 44 | AA21: =SUMIF($E$12:$V$12,$AA$11,E21:V21) -> 16 | AB21: =IFERROR(IF(Y21/$Y$12*100>=50,"Y","N"),0) -> 0 | AC21: =IFERROR(IF(Z21/$Z$12*100>=50,"Y","N"),0) -> Y | AD21: =IFERROR(IF(AA21/$AA$12*100>=50,"Y","N"),0) -> Y | AE21: =Z21/70*100 -> 62.857143 | AF21: =AA21/30*100 -> 53.333333
A22: 12 | B22: 1068-2017 | C22: ='[9]Linear Algebra'!A35 -> 2023-IT-11 | D22: ='[9]Linear Algebra'!B35 -> Rana Talha dawood | E22: ='[9]Linear Algebra'!D35 -> 8 | G22: =E22 -> 8 | H22: 9 | I22: 12 | L22: ='[9]Linear Algebra'!E35 -> 21 | M22: ='[9]Linear Algebra'!F35 -> 7 | O22: =M22 -> 7 | P22: 10 | Q22: 17 | T22: ='[9]Linear Algebra'!G35 -> 27 | U22: ='[9]Linear Algebra'!H35 -> 8 | W22: =U22 -> 8 | X22: =SUM(G22+L22+O22+T22+W22) -> 71 | Y22: =SUMIF($E$12:$V$12,$Y$11,E22:V22) -> 0 | Z22: =SUMIF($E$12:$V$12,$Z$11,E22:V22) -> 47 | AA22: =SUMIF($E$12:$V$12,$AA$11,E22:V22) -> 24 | AB22: =IFERROR(IF(Y22/$Y$12*100>=50,"Y","N"),0) -> 0 | AC22: =IFERROR(IF(Z22/$Z$12*100>=50,"Y","N"),0) -> Y | AD22: =IFERROR(IF(AA22/$AA$12*100>=50,"Y","N"),0) -> Y | AE22: =Z22/70*100 -> 67.142857 | AF22: =AA22/30*100 -> 80
A23: 13 | B23: 933-2017 | C23: ='[9]Linear Algebra'!A36 -> 2023-IT-12 | D23: ='[9]Linear Algebra'!B36 -> Ali Ahmad | E23: ='[9]Linear Algebra'!D36 -> 8 | G23: =E23 -> 8 | H23: 9 | I23: 11 | L23: ='[9]Linear Algebra'!E36 -> 20 | M23: ='[9]Linear Algebra'!F36 -> 7 | O23: =M23 -> 7 | P23: 10 | Q23: 13 | T23: ='[9]Linear Algebra'!G36 -> 23 | U23: ='[9]Linear Algebra'!H36 -> 8 | W23: =U23 -> 8 | X23: =SUM(G23+L23+O23+T23+W23) -> 66 | Y23: =SUMIF($E$12:$V$12,$Y$11,E23:V23) -> 0 | Z23: =SUMIF($E$12:$V$12,$Z$11,E23:V23) -> 46 | AA23: =SUMIF($E$12:$V$12,$AA$11,E23:V23) -> 20 | AB23: =IFERROR(IF(Y23/$Y$12*100>=50,"Y","N"),0) -> 0 | AC23: =IFERROR(IF(Z23/$Z$12*100>=50,"Y","N"),0) -> Y | AD23: =IFERROR(IF(AA23/$AA$12*100>=50,"Y","N"),0) -> Y | AE23: =Z23/70*100 -> 65.714286 | AF23: =AA23/30*100 -> 66.666667
A24: 14 | B24: 934-2017 | C24: ='[9]Linear Algebra'!A37 -> 2023-IT-13 | D24: ='[9]Linear Algebra'!B37 -> Muhammad Daud | E24: ='[9]Linear Algebra'!D37 -> 7 | G24: =E24 -> 7 | H24: 9 | I24: 10 | L24: ='[9]Linear Algebra'!E37 -> 19 | M24: ='[9]Linear Algebra'!F37 -> 7 | O24: =M24 -> 7 | P24: 10 | Q24: 16 | T24: ='[9]Linear Algebra'!G37 -> 26 | U24: ='[9]Linear Algebra'!H37 -> 8 | W24: =U24 -> 8 | X24: =SUM(G24+L24+O24+T24+W24) -> 67 | Y24: =SUMIF($E$12:$V$12,$Y$11,E24:V24) -> 0 | Z24: =SUMIF($E$12:$V$12,$Z$11,E24:V24) -> 44 | AA24: =SUMIF($E$12:$V$12,$AA$11,E24:V24) -> 23 | AB24: =IFERROR(IF(Y24/$Y$12*100>=50,"Y","N"),0) -> 0 | AC24: =IFERROR(IF(Z24/$Z$12*100>=50,"Y","N"),0) -> Y | AD24: =IFERROR(IF(AA24/$AA$12*100>=50,"Y","N"),0) -> Y | AE24: =Z24/70*100 -> 62.857143 | AF24: =AA24/30*100 -> 76.666667
... A35: 28 | B35: 954-2017 | C35: ='[9]Linear Algebra'!A48 -> 2023-IT-38 | D35: ='[9]Linear Algebra'!B48 -> Sherzaman Bukhari | E35: ='[9]Linear Algebra'!D48 -> 8 | G35: =E35 -> 8 | H35: 8 | I35: 12 | L35: ='[9]Linear Algebra'!E48 -> 20 | M35: ='[9]Linear Algebra'!F48 -> 8 | O35: =M35 -> 8 | P35: 10 | Q35: 14 | T35: ='[9]Linear Algebra'!G48 -> 24 | U35: ='[9]Linear Algebra'!H48 -> 8 | W35: =U35 -> 8 | X35: =SUM(G35+L35+O35+T35+W35) -> 68 | Y35: =SUMIF($E$12:$V$12,$Y$11,E35:V35) -> 0 | Z35: =SUMIF($E$12:$V$12,$Z$11,E35:V35) -> 46 | AA35: =SUMIF($E$12:$V$12,$AA$11,E35:V35) -> 22 | AB35: =IFERROR(IF(Y35/$Y$12*100>=50,"Y","N"),0) -> 0 | AC35: =IFERROR(IF(Z35/$Z$12*100>=50,"Y","N"),0) -> Y | AD35: =IFERROR(IF(AA35/$AA$12*100>=50,"Y","N"),0) -> Y | AE35: =Z35/70*100 -> 65.714286 | AF35: =AA35/30*100 -> 73.333333
C36: ='[9]Linear Algebra'!A49 -> 2023-IT-40 | D36: ='[9]Linear Algebra'!B49 -> Ahmad Raza Shareef | E36: ='[9]Linear Algebra'!D49 -> 7 | G36: =E36 -> 7 | H36: 9 | I36: 12 | L36: ='[9]Linear Algebra'!E49 -> 21 | M36: ='[9]Linear Algebra'!F49 -> 7 | O36: =M36 -> 7 | P36: 10 | Q36: 17 | T36: ='[9]Linear Algebra'!G49 -> 27 | U36: ='[9]Linear Algebra'!H49 -> 7 | W36: =U36 -> 7 | X36: =SUM(G36+L36+O36+T36+W36) -> 69 | Y36: =SUMIF($E$12:$V$12,$Y$11,E36:V36) -> 0 | Z36: =SUMIF($E$12:$V$12,$Z$11,E36:V36) -> 45 | AA36: =SUMIF($E$12:$V$12,$AA$11,E36:V36) -> 24 | AB36: =IFERROR(IF(Y36/$Y$12*100>=50,"Y","N"),0) -> 0 | AC36: =IFERROR(IF(Z36/$Z$12*100>=50,"Y","N"),0) -> Y | AD36: =IFERROR(IF(AA36/$AA$12*100>=50,"Y","N"),0) -> Y | AE36: =Z36/70*100 -> 64.285714 | AF36: =AA36/30*100 -> 80
C37: ='[9]Linear Algebra'!A50 -> 2023-IT-41 | D37: ='[9]Linear Algebra'!B50 -> Anas Noor | E37: ='[9]Linear Algebra'!D50 -> 0 | G37: =E37 -> 0 | H37: 0 | I37: 0 | L37: ='[9]Linear Algebra'!E50 -> 0 | M37: ='[9]Linear Algebra'!F50 -> 0 | O37: =M37 -> 0 | P37: 0 | Q37: 0 | T37: ='[9]Linear Algebra'!G50 -> 0 | U37: ='[9]Linear Algebra'!H50 -> 0 | W37: =U37 -> 0 | X37: =SUM(G37+L37+O37+T37+W37) -> 0 | Y37: =SUMIF($E$12:$V$12,$Y$11,E37:V37) -> 0 | Z37: =SUMIF($E$12:$V$12,$Z$11,E37:V37) -> 0 | AA37: =SUMIF($E$12:$V$12,$AA$11,E37:V37) -> 0 | AB37: =IFERROR(IF(Y37/$Y$12*100>=50,"Y","N"),0) -> 0 | AC37: =IFERROR(IF(Z37/$Z$12*100>=50,"Y","N"),0) -> N | AD37: =IFERROR(IF(AA37/$AA$12*100>=50,"Y","N"),0) -> N | AE37: =Z37/70*100 -> 0 | AF37: =AA37/30*100 -> 0
C38: ='[9]Linear Algebra'!A51 -> 2023-IT-42 | D38: ='[9]Linear Algebra'!B51 -> Muhammad Moosa Bhatti | E38: ='[9]Linear Algebra'!D51 -> 8 | G38: =E38 -> 8 | H38: 9 | I38: 12 | L38: ='[9]Linear Algebra'!E51 -> 21 | M38: ='[9]Linear Algebra'!F51 -> 8 | O38: =M38 -> 8 | P38: 10 | Q38: 12 | T38: ='[9]Linear Algebra'!G51 -> 22 | U38: ='[9]Linear Algebra'!H51 -> 8 | W38: =U38 -> 8 | X38: =SUM(G38+L38+O38+T38+W38) -> 67 | Y38: =SUMIF($E$12:$V$12,$Y$11,E38:V38) -> 0 | Z38: =SUMIF($E$12:$V$12,$Z$11,E38:V38) -> 47 | AA38: =SUMIF($E$12:$V$12,$AA$11,E38:V38) -> 20 | AB38: =IFERROR(IF(Y38/$Y$12*100>=50,"Y","N"),0) -> 0 | AC38: =IFERROR(IF(Z38/$Z$12*100>=50,"Y","N"),0) -> Y | AD38: =IFERROR(IF(AA38/$AA$12*100>=50,"Y","N"),0) -> Y | AE38: =Z38/70*100 -> 67.142857 | AF38: =AA38/30*100 -> 66.666667
C39: ='[9]Linear Algebra'!A52 -> 2023-IT-44 | D39: ='[9]Linear Algebra'!B52 -> Muhammad Nouman Aslam | E39: ='[9]Linear Algebra'!D52 -> 7 | G39: =E39 -> 7 | H39: 5 | I39: 10 | L39: ='[9]Linear Algebra'!E52 -> 15 | M39: ='[9]Linear Algebra'!F52 -> 8 | O39: =M39 -> 8 | P39: 10 | Q39: 15 | T39: ='[9]Linear Algebra'!G52 -> 25 | U39: ='[9]Linear Algebra'!H52 -> 8 | W39: =U39 -> 8 | X39: =SUM(G39+L39+O39+T39+W39) -> 63 | Y39: =SUMIF($E$12:$V$12,$Y$11,E39:V39) -> 0 | Z39: =SUMIF($E$12:$V$12,$Z$11,E39:V39) -> 40 | AA39: =SUMIF($E$12:$V$12,$AA$11,E39:V39) -> 23 | AB39: =IFERROR(IF(Y39/$Y$12*100>=50,"Y","N"),0) -> 0 | AC39: =IFERROR(IF(Z39/$Z$12*100>=50,"Y","N"),0) -> Y | AD39: =IFERROR(IF(AA39/$AA$12*100>=50,"Y","N"),0) -> Y | AE39: =Z39/70*100 -> 57.142857 | AF39: =AA39/30*100 -> 76.666667
C40: ='[9]Linear Algebra'!A53 -> 2023-IT-46 | D40: ='[9]Linear Algebra'!B53 -> Muhammad Haseeb Anjum | E40: ='[9]Linear Algebra'!D53 -> 9 | G40: =E40 -> 9 | H40: 10 | I40: 22 | L40: ='[9]Linear Algebra'!E53 -> 22 | M40: ='[9]Linear Algebra'!F53 -> 9 | O40: =M40 -> 9 | P40: 15 | Q40: 16 | T40: ='[9]Linear Algebra'!G53 -> 31 | U40: ='[9]Linear Algebra'!H53 -> 9 | W40: =U40 -> 9 | X40: =SUM(G40+L40+O40+T40+W40) -> 80 | Y40: =SUMIF($E$12:$V$12,$Y$11,E40:V40) -> 0 | Z40: =SUMIF($E$12:$V$12,$Z$11,E40:V40) -> 65 | AA40: =SUMIF($E$12:$V$12,$AA$11,E40:V40) -> 25 | AB40: =IFERROR(IF(Y40/$Y$12*100>=50,"Y","N"),0) -> 0 | AC40: =IFERROR(IF(Z40/$Z$12*100>=50,"Y","N"),0) -> Y | AD40: =IFERROR(IF(AA40/$AA$12*100>=50,"Y","N"),0) -> Y | AE40: =Z40/70*100 -> 92.857143 | AF40: =AA40/30*100 -> 83.333333
C41: ='[9]Linear Algebra'!A54 -> 2023-IT-48 | D41: ='[9]Linear Algebra'!B54 -> Muhammad Arslan Waheed | E41: ='[9]Linear Algebra'!D54 -> 8 | G41: =E41 -> 8 | H41: 8 | I41: 12 | L41: ='[9]Linear Algebra'!E54 -> 20 | M41: ='[9]Linear Algebra'!F54 -> 8 | O41: =M41 -> 8 | P41: 10 | Q41: 15 | T41: ='[9]Linear Algebra'!G54 -> 25 | U41: ='[9]Linear Algebra'!H54 -> 8 | W41: =U41 -> 8 | X41: =SUM(G41+L41+O41+T41+W41) -> 69 | Y41: =SUMIF($E$12:$V$12,$Y$11,E41:V41) -> 0 | Z41: =SUMIF($E$12:$V$12,$Z$11,E41:V41) -> 46 | AA41: =SUMIF($E$12:$V$12,$AA$11,E41:V41) -> 23 | AB41: =IFERROR(IF(Y41/$Y$12*100>=50,"Y","N"),0) -> 0 | AC41: =IFERROR(IF(Z41/$Z$12*100>=50,"Y","N"),0) -> Y | AD41: =IFERROR(IF(AA41/$AA$12*100>=50,"Y","N"),0) -> Y | AE41: =Z41/70*100 -> 65.714286 | AF41: =AA41/30*100 -> 76.666667
C42: ='[9]Linear Algebra'!A55 -> 2023-IT-50 | D42: ='[9]Linear Algebra'!B55 -> Hafiz Muhammad Hasnain Saif | E42: ='[9]Linear Algebra'!D55 -> 8 | G42: =E42 -> 8 | H42: 9 | I42: 12 | L42: ='[9]Linear Algebra'!E55 -> 21 | M42: ='[9]Linear Algebra'!F55 -> 7 | O42: =M42 -> 7 | P42: 10 | Q42: 16 | T42: ='[9]Linear Algebra'!G55 -> 26 | U42: ='[9]Linear Algebra'!H55 -> 7 | W42: =U42 -> 7 | X42: =SUM(G42+L42+O42+T42+W42) -> 69 | Y42: =SUMIF($E$12:$V$12,$Y$11,E42:V42) -> 0 | Z42: =SUMIF($E$12:$V$12,$Z$11,E42:V42) -> 46 | AA42: =SUMIF($E$12:$V$12,$AA$11,E42:V42) -> 23 | AB42: =IFERROR(IF(Y42/$Y$12*100>=50,"Y","N"),0) -> 0 | AC42: =IFERROR(IF(Z42/$Z$12*100>=50,"Y","N"),0) -> Y | AD42: =IFERROR(IF(AA42/$AA$12*100>=50,"Y","N"),0) -> Y | AE42: =Z42/70*100 -> 65.714286 | AF42: =AA42/30*100 -> 76.666667
C43: ='[9]Linear Algebra'!A56 -> 2023-IT-54 | D43: ='[9]Linear Algebra'!B56 -> Muhammad Zeeshan | E43: ='[9]Linear Algebra'!D56 -> 7 | G43: =E43 -> 7 | H43: 8 | I43: 10 | L43: ='[9]Linear Algebra'!E56 -> 18 | M43: ='[9]Linear Algebra'!F56 -> 8 | O43: =M43 -> 8 | P43: 12 | Q43: 16 | T43: ='[9]Linear Algebra'!G56 -> 28 | U43: ='[9]Linear Algebra'!H56 -> 8 | W43: =U43 -> 8 | X43: =SUM(G43+L43+O43+T43+W43) -> 69 | Y43: =SUMIF($E$12:$V$12,$Y$11,E43:V43) -> 0 | Z43: =SUMIF($E$12:$V$12,$Z$11,E43:V43) -> 45 | AA43: =SUMIF($E$12:$V$12,$AA$11,E43:V43) -> 24 | AB43: =IFERROR(IF(Y43/$Y$12*100>=50,"Y","N"),0) -> 0 | AC43: =IFERROR(IF(Z43/$Z$12*100>=50,"Y","N"),0) -> Y | AD43: =IFERROR(IF(AA43/$AA$12*100>=50,"Y","N"),0) -> Y | AE43: =Z43/70*100 -> 64.285714 | AF43: =AA43/30*100 -> 80
C44: ='[9]Linear Algebra'!A57 -> 2023-IT-56 | D44: ='[9]Linear Algebra'!B57 -> Muhammad Adeel | E44: ='[9]Linear Algebra'!D57 -> 5 | G44: =E44 -> 5 | H44: 5 | I44: 5 | L44: ='[9]Linear Algebra'!E57 -> 10 | M44: ='[9]Linear Algebra'!F57 -> 7 | O44: =M44 -> 7 | P44: 10 | Q44: 13 | T44: ='[9]Linear Algebra'!G57 -> 23 | U44: ='[9]Linear Algebra'!H57 -> 7 | W44: =U44 -> 7 | X44: =SUM(G44+L44+O44+T44+W44) -> 52 | Y44: =SUMIF($E$12:$V$12,$Y$11,E44:V44) -> 0 | Z44: =SUMIF($E$12:$V$12,$Z$11,E44:V44) -> 32 | AA44: =SUMIF($E$12:$V$12,$AA$11,E44:V44) -> 20 | AB44: =IFERROR(IF(Y44/$Y$12*100>=50,"Y","N"),0) -> 0 | AC44: =IFERROR(IF(Z44/$Z$12*100>=50,"Y","N"),0) -> N | AD44: =IFERROR(IF(AA44/$AA$12*100>=50,"Y","N"),0) -> Y | AE44: =Z44/70*100 -> 45.714286 | AF44: =AA44/30*100 -> 66.666667
C45: ='[9]Linear Algebra'!A58 -> 2023-IT-60 | D45: ='[9]Linear Algebra'!B58 -> Mughees Ahmad | E45: ='[9]Linear Algebra'!D58 -> 8 | G45: =E45 -> 8 | H45: 10 | I45: 11 | L45: ='[9]Linear Algebra'!E58 -> 21 | M45: ='[9]Linear Algebra'!F58 -> 8 | O45: =M45 -> 8 | P45: 10 | Q45: 15 | T45: ='[9]Linear Algebra'!G58 -> 25 | U45: ='[9]Linear Algebra'!H58 -> 8 | W45: =U45 -> 8 | X45: =SUM(G45+L45+O45+T45+W45) -> 70 | Y45: =SUMIF($E$12:$V$12,$Y$11,E45:V45) -> 0 | Z45: =SUMIF($E$12:$V$12,$Z$11,E45:V45) -> 47 | AA45: =SUMIF($E$12:$V$12,$AA$11,E45:V45) -> 23 | AB45: =IFERROR(IF(Y45/$Y$12*100>=50,"Y","N"),0) -> 0 | AC45: =IFERROR(IF(Z45/$Z$12*100>=50,"Y","N"),0) -> Y | AD45: =IFERROR(IF(AA45/$AA$12*100>=50,"Y","N"),0) -> Y | AE45: =Z45/70*100 -> 67.142857 | AF45: =AA45/30*100 -> 76.666667
C46: ='[9]Linear Algebra'!A59 -> 2023-IT-62 | D46: ='[9]Linear Algebra'!B59 -> Muhammad Azeem | E46: ='[9]Linear Algebra'!D59 -> 7 | G46: =E46 -> 7 | H46: 7 | I46: 10 | L46: ='[9]Linear Algebra'!E59 -> 17 | M46: ='[9]Linear Algebra'!F59 -> 7 | O46: =M46 -> 7 | P46: 10 | Q46: 17 | T46: ='[9]Linear Algebra'!G59 -> 27 | U46: ='[9]Linear Algebra'!H59 -> 8 | W46: =U46 -> 8 | X46: =SUM(G46+L46+O46+T46+W46) -> 66 | Y46: =SUMIF($E$12:$V$12,$Y$11,E46:V46) -> 0 | Z46: =SUMIF($E$12:$V$12,$Z$11,E46:V46) -> 42 | AA46: =SUMIF($E$12:$V$12,$AA$11,E46:V46) -> 24 | AB46: =IFERROR(IF(Y46/$Y$12*100>=50,"Y","N"),0) -> 0 | AC46: =IFERROR(IF(Z46/$Z$12*100>=50,"Y","N"),0) -> Y | AD46: =IFERROR(IF(AA46/$AA$12*100>=50,"Y","N"),0) -> Y | AE46: =Z46/70*100 -> 60 | AF46: =AA46/30*100 -> 80
C47: ='[9]Linear Algebra'!A60 -> 2023-IT-64 | D47: ='[9]Linear Algebra'!B60 -> Abdul Ahad | E47: ='[9]Linear Algebra'!D60 -> 0 | G47: =E47 -> 0 | H47: 0 | I47: 0 | L47: ='[9]Linear Algebra'!E60 -> 0 | M47: ='[9]Linear Algebra'!F60 -> 0 | O47: =M47 -> 0 | P47: 0 | Q47: 0 | T47: ='[9]Linear Algebra'!G60 -> 0 | U47: ='[9]Linear Algebra'!H60 -> 0 | W47: =U47 -> 0 | X47: =SUM(G47+L47+O47+T47+W47) -> 0 | Y47: =SUMIF($E$12:$V$12,$Y$11,E47:V47) -> 0 | Z47: =SUMIF($E$12:$V$12,$Z$11,E47:V47) -> 0 | AA47: =SUMIF($E$12:$V$12,$AA$11,E47:V47) -> 0 | AB47: =IFERROR(IF(Y47/$Y$12*100>=50,"Y","N"),0) -> 0 | AC47: =IFERROR(IF(Z47/$Z$12*100>=50,"Y","N"),0) -> N | AD47: =IFERROR(IF(AA47/$AA$12*100>=50,"Y","N"),0) -> N | AE47: =Z47/70*100 -> 0 | AF47: =AA47/30*100 -> 0
... C56: ='[9]Linear Algebra'!A69 -> 2023-IT-80 | D56: ='[9]Linear Algebra'!B69 -> Ali Raza | E56: ='[9]Linear Algebra'!D69 -> 8 | G56: =E56 -> 8 | H56: 10 | I56: 12 | L56: ='[9]Linear Algebra'!E69 -> 22 | M56: ='[9]Linear Algebra'!F69 -> 8 | O56: =M56 -> 8 | P56: 14 | Q56: 14 | T56: ='[9]Linear Algebra'!G69 -> 28 | U56: ='[9]Linear Algebra'!H69 -> 7 | W56: =U56 -> 7 | X56: =SUM(G56+L56+O56+T56+W56) -> 73 | Y56: =SUMIF($E$12:$V$12,$Y$11,E56:V56) -> 0 | Z56: =SUMIF($E$12:$V$12,$Z$11,E56:V56) -> 51 | AA56: =SUMIF($E$12:$V$12,$AA$11,E56:V56) -> 22 | AB56: =IFERROR(IF(Y56/$Y$12*100>=50,"Y","N"),0) -> 0 | AC56: =IFERROR(IF(Z56/$Z$12*100>=50,"Y","N"),0) -> Y | AD56: =IFERROR(IF(AA56/$AA$12*100>=50,"Y","N"),0) -> Y | AE56: =Z56/70*100 -> 72.857143 | AF56: =AA56/30*100 -> 73.333333
C57: No. of Std achieve PLO | F57: =Y11 -> PLO1 | G57: =COUNTIF($AB$13:$AB$55,"Y") -> 0 | H57: =COUNTIF($AB$13:$AB$55,"N") -> 0
F58: =Z11 -> PLO2 | G58: =COUNTIF($AC$13:$AC$55,"Y") -> 34 | H58: =COUNTIF($AC$13:$AC$55,"N") -> 9
F59: =AA11 -> PLO4 | G59: =COUNTIF($AD$13:$AD$55,"Y") -> 36 | H59: =COUNTIF($AD$13:$AD$55,"N") -> 7
A60: 9 | B60: 1603-2017
A61: 10 | B61: 1272-2017
A62: 11 | B62: 1225-2017
A63: 12 | B63: 1186-2017
A64: 13 | B64: 1222-2017
A65: 14 | B65: 1198-2017
A66: 15 | B66: 1426-2017
A67: 16 | B67: 1294-2017
A68: 17 | B68: 1609-2017
A69: 18 | B69: 945-2017
A70: 19 | B70: 1196-2017
A71: 20 | B71: 947-2017
A72: 21 | B72: 949-2017
A73: 22 | B73: 1168-2017 | F73: Teacher Incharge Signature | V73: Incharge Department Signature
A74: 23 | B74: 1197-2017 | F74: =J5 -> Name: Dr. Farooq | V74: (Engr.Dr. Muhammad Shahzad)
A75: 24 | B75: 1273-2017
A76: 25 | B76: 1194-2017
A77: 26 | B77: 1271-2017

Sheet Object Oriented Programming 2
C1: MNS - UNIVERSITY OF ENGINEERING AND TECHNOLOGY MULTAN
C2: Department of Computer Science
C3: Program: | D3: =#REF! -> #REF! | H3: Semester: | J3: 2nd Semester
C4: Session: | D4: Fall 2023 (Evening) Section-A | J4: Spring 2024
C5: Course: | D5: =[10]Sheet1!B5 -> Title (Code): Object Oriented Programming (IT-121) | H5: Instructor: | J5: =[10]Sheet1!H5 -> Name: Engr. M Talha Jahangir
D6: Credit Hours: 3 | E6: Theory
A7: OBE Assessment | E7: CLO1 | F7: CLO2 | G7: CLO3 | H7: CLO4 | I7: CLO5 | J7: CLO6 | K7: CLO7 | L7: CLO8 | M7: CLO9 | N7: CLO10 | O7: Total | P7: PLO1 | Q7: PLO2 | R7: PLO3 | S7: PLO4 | T7: PLO5 | U7: PLO6 | V7: PLO7 | W7: PLO8 | X7: PLO9 | Y7: PLO10 | Z7: Total
E8: {=TRANSPOSE(_xlfn._xlws.FILTER('[10]CLO & PLO'!K1:K10,'Object Oriented Programming 2'!E7='[10]CLO & PLO'!A1))} -> 30 | F8: 40 | G8: 20 | H8: 10 | I8: 0 | J8: 0 | K8: 0 | L8: 0 | M8: 0 | N8: 0 | O8: =SUM(E8:N8) -> 100 | P8: {=TRANSPOSE( _xlfn._xlws.FILTER('[10]CLO & PLO'!X1:X10,'[10]CLO & PLO'!N1='Object Oriented Programming 2'!P7))} -> 0 | Q8: 60 | R8: 0 | S8: 40 | T8: 0 | U8: 0 | V8: 0 | W8: 0 | X8: 0 | Y8: 0 | Z8: =SUM(P8:X8) -> 100
A9: S# | B9: CMS ID | C9: Assessment Tool ―→ | E9: Quiz1 | H9: Mid | M9: QuizII | P9: Final | U9: C.P | X9: Total | Y9: PLO Assessment | AB9: PLO Achieved
C10: Marks | E10: 10 | G10: =SUM(C10:F10) -> 10 | H10: 10 | I10: 20 | L10: =SUM(H10:K10) -> 30 | M10: 10 | O10: =SUM(M10:N10) -> 10 | P10: 20 | Q10: 20 | T10: =SUM(P10:S10) -> 40 | U10: 10 | W10: =SUM(U10:V10) -> 10 | X10: =G10+L10+O10+T10+W10 -> 100 | AE10: Percentage
C11: Target CLO | E11: CLO2 | G11: Total | H11: CLO1 | I11: CLO2 | L11: Total | M11: CLO4 | O11: Total | P11: CLO1 | Q11: CLO3 | T11: Total | U11: CLO2 | W11: Total | Y11: PLO1 | Z11: PLO2 | AA11: PLO4 | AB11: =Y11 -> PLO1 | AC11: =Z11 -> PLO2 | AD11: =AA11 -> PLO4 | AE11: PLO2 | AF11: PLO4
C12: Registration No | D12: Target PLO | E12: PLO2 | H12: PLO2 | I12: PLO2 | M12: PLO4 | P12: PLO2 | Q12: PLO4 | U12: PLO4 | Y12: {=IFERROR(_xlfn._xlws.FILTER(_xlfn.ANCHORARRAY(P8),Y11=$P$7:$Y$7),0)} -> 0 | Z12: {=IFERROR(_xlfn._xlws.FILTER(_xlfn.ANCHORARRAY(P8),Z11=$P$7:$Y$7),0)} -> 60 | AA12: {=IFERROR(_xlfn._xlws.FILTER(_xlfn.ANCHORARRAY(P8),AA11=$P$7:$Y$7),0)} -> 40 | AB12: {=IFERROR(_xlfn._xlws.FILTER(_xlfn.ANCHORARRAY(P8),AB11=$P$7:$Y$7),0)} -> 0 | AC12: {=IFERROR(_xlfn._xlws.FILTER(_xlfn.ANCHORARRAY(P8),AC11=$P$7:$Y$7),0)} -> 60 | AD12: {=IFERROR(_xlfn._xlws.FILTER(_xlfn.ANCHORARRAY(P8),AD11=$P$7:$Y$7),0)} -> 40
A13: 1 | B13: 917-2017 | C13: =[10]Sheet1!A26 -> 2023-IT-01 | D13: =[10]Sheet1!B26 -> Rahma Noor | E13: =[10]Sheet1!D26 -> 10 | G13: =SUM(C13:F13) -> 10 | H13: 6 | I13: 9 | L13: =[10]Sheet1!E26 -> 15 | M13: =[10]Sheet1!F26 -> 9 | O13: =SUM(M13:N13) -> 9 | P13: 7 | Q13: 9 | T13: =[10]Sheet1!G26 -> 16 | U13: =[10]Sheet1!H26 -> 9 | W13: =SUM(U13:V13) -> 9 | X13: =SUM(G13+L13+O13+T13+W13) -> 59 | Y13: =SUMIF($E$12:$V$12,$Y$11,E13:V13) -> 0 | Z13: =SUMIF($E$12:$V$12,$Z$11,E13:V13) -> 32 | AA13: =SUMIF($E$12:$V$12,$AA$11,E13:V13) -> 27 | AB13: =IFERROR(IF(Y13/$Y$12*100>=50,"Y","N"),0) -> 0 | AC13: =IFERROR(IF(Z13/$Z$12*100>=50,"Y","N"),0) -> Y | AD13: =IFERROR(IF(AA13/$AA$12*100>=50,"Y","N"),0) -> Y | AE13: =Z13/60*100 -> 53.333333 | AF13: =AA13/40*100 -> 67.5
A14: 2 | B14: 918-2017 | C14: =[10]Sheet1!A27 -> 2023-IT-02 | D14: =[10]Sheet1!B27 -> Alishba Manzoor | E14: =[10]Sheet1!D27 -> 8 | G14: =SUM(C14:F14) -> 8 | H14: 5 | I14: 7 | L14: =[10]Sheet1!E27 -> 12 | M14: =[10]Sheet1!F27 -> 7 | P14: 8 | Q14: 11 | T14: =[10]Sheet1!G27 -> 19 | U14: =[10]Sheet1!H27 -> 8 | W14: =SUM(U14:V14) -> 8 | X14: =SUM(G14+L14+O14+T14+W14) -> 47 | Y14: =SUMIF($E$12:$V$12,$Y$11,E14:V14) -> 0 | Z14: =SUMIF($E$12:$V$12,$Z$11,E14:V14) -> 28 | AA14: =SUMIF($E$12:$V$12,$AA$11,E14:V14) -> 26 | AB14: =IFERROR(IF(Y14/$Y$12*100>=50,"Y","N"),0) -> 0 | AC14: =IFERROR(IF(Z14/$Z$12*100>=50,"Y","N"),0) -> N | AD14: =IFERROR(IF(AA14/$AA$12*100>=50,"Y","N"),0) -> Y | AE14: =Z14/60*100 -> 46.666667 | AF14: =AA14/40*100 -> 65
A15: 3 | B15: 919-2017 | C15: =[10]Sheet1!A28 -> 2023-IT-03 | D15: =[10]Sheet1!B28 -> Maheen Fatima | E15: =[10]Sheet1!D28 -> 8 | G15: =SUM(C15:F15) -> 8 | H15: 7 | I15: 9 | L15: =[10]Sheet1!E28 -> 16 | M15: =[10]Sheet1!F28 -> 9 | P15: 8 | Q15: 16 | T15: =[10]Sheet1!G28 -> 24 | U15: =[10]Sheet1!H28 -> 8 | W15: =SUM(U15:V15) -> 8 | X15: =SUM(G15+L15+O15+T15+W15) -> 56 | Y15: =SUMIF($E$12:$V$12,$Y$11,E15:V15) -> 0 | Z15: =SUMIF($E$12:$V$12,$Z$11,E15:V15) -> 32 | AA15: =SUMIF($E$12:$V$12,$AA$11,E15:V15) -> 33 | AB15: =IFERROR(IF(Y15/$Y$12*100>=50,"Y","N"),0) -> 0 | AC15: =IFERROR(IF(Z15/$Z$12*100>=50,"Y","N"),0) -> Y | AD15: =IFERROR(IF(AA15/$AA$12*100>=50,"Y","N"),0) -> Y | AE15: =Z15/60*100 -> 53.333333 | AF15: =AA15/40*100 -> 82.5
A16: 4 | B16: 921-2017 | C16: =[10]Sheet1!A29 -> 2023-IT-04 | D16: =[10]Sheet1!B29 -> Aneela | E16: =[10]Sheet1!D29 -> 9 | G16: =SUM(C16:F16) -> 9 | H16: 7 | I16: 8 | L16: =[10]Sheet1!E29 -> 15 | M16: =[10]Sheet1!F29 -> 8 | P16: 8 | Q16: 15 | T16: =[10]Sheet1!G29 -> 23 | U16: =[10]Sheet1!H29 -> 9 | W16: =SUM(U16:V16) -> 9 | X16: =SUM(G16+L16+O16+T16+W16) -> 56 | Y16: =SUMIF($E$12:$V$12,$Y$11,E16:V16) -> 0 | Z16: =SUMIF($E$12:$V$12,$Z$11,E16:V16) -> 32 | AA16: =SUMIF($E$12:$V$12,$AA$11,E16:V16) -> 32 | AB16: =IFERROR(IF(Y16/$Y$12*100>=50,"Y","N"),0) -> 0 | AC16: =IFERROR(IF(Z16/$Z$12*100>=50,"Y","N"),0) -> Y | AD16: =IFERROR(IF(AA16/$AA$12*100>=50,"Y","N"),0) -> Y | AE16: =Z16/60*100 -> 53.333333 | AF16: =AA16/40*100 -> 80
A17: 5 | B17: 922-2017 | C17: =[10]Sheet1!A30 -> 2023-IT-05 | D17: =[10]Sheet1!B30 -> Alishba Saleem | E17: =[10]Sheet1!D30 -> 8 | G17: =SUM(C17:F17) -> 8 | H17: 5 | I17: 9 | L17: =[10]Sheet1!E30 -> 14 | M17: =[10]Sheet1!F30 -> 8 | P17: 9 | Q17: 14 | T17: =[10]Sheet1!G30 -> 23 | U17: =[10]Sheet1!H30 -> 9 | W17: =SUM(U17:V17) -> 9 | X17: =SUM(G17+L17+O17+T17+W17) -> 54 | Y17: =SUMIF($E$12:$V$12,$Y$11,E17:V17) -> 0 | Z17: =SUMIF($E$12:$V$12,$Z$11,E17:V17) -> 31 | AA17: =SUMIF($E$12:$V$12,$AA$11,E17:V17) -> 31 | AB17: =IFERROR(IF(Y17/$Y$12*100>=50,"Y","N"),0) -> 0 | AC17: =IFERROR(IF(Z17/$Z$12*100>=50,"Y","N"),0) -> Y | AD17: =IFERROR(IF(AA17/$AA$12*100>=50,"Y","N"),0) -> Y | AE17: =Z17/60*100 -> 51.666667 | AF17: =AA17/40*100 -> 77.5
A18: 6 | B18: 923-2017 | C18: =[10]Sheet1!A31 -> 2023-IT-06 | D18: =[10]Sheet1!B31 -> Mehak Asghar | E18: =[10]Sheet1!D31 -> 10 | G18: =SUM(C18:F18) -> 10 | H18: 6 | I18: 12 | L18: =[10]Sheet1!E31 -> 18 | M18: =[10]Sheet1!F31 -> 10 | P18: 14 | Q18: 14 | T18: =[10]Sheet1!G31 -> 28 | U18: =[10]Sheet1!H31 -> 9 | W18: =SUM(U18:V18) -> 9 | X18: =SUM(G18+L18+O18+T18+W18) -> 65 | Y18: =SUMIF($E$12:$V$12,$Y$11,E18:V18) -> 0 | Z18: =SUMIF($E$12:$V$12,$Z$11,E18:V18) -> 42 | AA18: =SUMIF($E$12:$V$12,$AA$11,E18:V18) -> 33 | AB18: =IFERROR(IF(Y18/$Y$12*100>=50,"Y","N"),0) -> 0 | AC18: =IFERROR(IF(Z18/$Z$12*100>=50,"Y","N"),0) -> Y | AD18: =IFERROR(IF(AA18/$AA$12*100>=50,"Y","N"),0) -> Y | AE18: =Z18/60*100 -> 70 | AF18: =AA18/40*100 -> 82.5
A19: 7 | B19: 1144-2017 | C19: =[10]Sheet1!A32 -> 2023-IT-07 | D19: =[10]Sheet1!B32 -> Humaira Afzal | E19: =[10]Sheet1!D32 -> 7 | G19: =SUM(C19:F19) -> 7 | H19: 9 | I19: 10 | L19: =[10]Sheet1!E32 -> 19 | M19: =[10]Sheet1!F32 -> 7 | P19: 10 | Q19: 17 | T19: =[10]Sheet1!G32 -> 27 | U19: =[10]Sheet1!H32 -> 7 | W19: =SUM(U19:V19) -> 7 | X19: =SUM(G19+L19+O19+T19+W19) -> 60 | Y19: =SUMIF($E$12:$V$12,$Y$11,E19:V19) -> 0 | Z19: =SUMIF($E$12:$V$12,$Z$11,E19:V19) -> 36 | AA19: =SUMIF($E$12:$V$12,$AA$11,E19:V19) -> 31 | AB19: =IFERROR(IF(Y19/$Y$12*100>=50,"Y","N"),0) -> 0 | AC19: =IFERROR(IF(Z19/$Z$12*100>=50,"Y","N"),0) -> Y | AD19: =IFERROR(IF(AA19/$AA$12*100>=50,"Y","N"),0) -> Y | AE19: =Z19/60*100 -> 60 | AF19: =AA19/40*100 -> 77.5
A20: 10 | B20: 932-2017 | C20: =[10]Sheet1!A33 -> 2023-IT-08 | D20: =[10]Sheet1!B33 -> Saleena Khan | E20: =[10]Sheet1!D33 -> 0 | G20: =SUM(C20:F20) -> 0 | H20: 0 | I20: 0 | L20: =[10]Sheet1!E33 -> 0 | M20: =[10]Sheet1!F33 -> 0 | P20: 0 | Q20: 0 | T20: =[10]Sheet1!G33 -> 0 | U20: =[10]Sheet1!H33 -> 0 | W20: =SUM(U20:V20) -> 0 | X20: =SUM(G20+L20+O20+T20+W20) -> 0 | Y20: =SUMIF($E$12:$V$12,$Y$11,E20:V20) -> 0 | Z20: =SUMIF($E$12:$V$12,$Z$11,E20:V20) -> 0 | AA20: =SUMIF($E$12:$V$12,$AA$11,E20:V20) -> 0 | AB20: =IFERROR(IF(Y20/$Y$12*100>=50,"Y","N"),0) -> 0 | AC20: =IFERROR(IF(Z20/$Z$12*100>=50,"Y","N"),0) -> N | AD20: =IFERROR(IF(AA20/$AA$12*100>=50,"Y","N"),0) -> N | AE20: =Z20/60*100 -> 0 | AF20: =AA20/40*100 -> 0
A21: 11 | B21: 1169-2017 | C21: =[10]Sheet1!A34 -> 2023-IT-10 | D21: =[10]Sheet1!B34 -> Asad Ullah | E21: =[10]Sheet1!D34 -> 10 | G21: =SUM(C21:F21) -> 10 | H21: 4 | I21: 10 | L21: =[10]Sheet1!E34 -> 14 | M21: =[10]Sheet1!F34 -> 9 | P21: 10 | Q21: 12 | T21: =[10]Sheet1!G34 -> 22 | U21: =[10]Sheet1!H34 -> 9 | W21: =SUM(U21:V21) -> 9 | X21: =SUM(G21+L21+O21+T21+W21) -> 55 | Y21: =SUMIF($E$12:$V$12,$Y$11,E21:V21) -> 0 | Z21: =SUMIF($E$12:$V$12,$Z$11,E21:V21) -> 34 | AA21: =SUMIF($E$12:$V$12,$AA$11,E21:V21) -> 30 | AB21: =IFERROR(IF(Y21/$Y$12*100>=50,"Y","N"),0) -> 0 | AC21: =IFERROR(IF(Z21/$Z$12*100>=50,"Y","N"),0) -> Y | AD21: =IFERROR(IF(AA21/$AA$12*100>=50,"Y","N"),0) -> Y | AE21: =Z21/60*100 -> 56.666667 | AF21: =AA21/40*100 -> 75
A22: 12 | B22: 1068-2017 | C22: =[10]Sheet1!A35 -> 2023-IT-11 | D22: =[10]Sheet1!B35 -> Rana Talha dawood | E22: =[10]Sheet1!D35 -> 6 | G22: =SUM(C22:F22) -> 6 | H22: 8 | I22: 10 | L22: =[10]Sheet1!E35 -> 18 | M22: =[10]Sheet1!F35 -> 6 | P22: 10 | Q22: 12 | T22: =[10]Sheet1!G35 -> 22 | U22: =[10]Sheet1!H35 -> 6 | W22: =SUM(U22:V22) -> 6 | X22: =SUM(G22+L22+O22+T22+W22) -> 52 | Y22: =SUMIF($E$12:$V$12,$Y$11,E22:V22) -> 0 | Z22: =SUMIF($E$12:$V$12,$Z$11,E22:V22) -> 34 | AA22: =SUMIF($E$12:$V$12,$AA$11,E22:V22) -> 24 | AB22: =IFERROR(IF(Y22/$Y$12*100>=50,"Y","N"),0) -> 0 | AC22: =IFERROR(IF(Z22/$Z$12*100>=50,"Y","N"),0) -> Y | AD22: =IFERROR(IF(AA22/$AA$12*100>=50,"Y","N"),0) -> Y | AE22: =Z22/60*100 -> 56.666667 | AF22: =AA22/40*100 -> 60
A23: 13 | B23: 933-2017 | C23: =[10]Sheet1!A36 -> 2023-IT-12 | D23: =[10]Sheet1!B36 -> Ali Ahmad | E23: =[10]Sheet1!D36 -> 8 | G23: =SUM(C23:F23) -> 8 | H23: 5 | I23: 10 | L23: =[10]Sheet1!E36 -> 15 | M23: =[10]Sheet1!F36 -> 7 | P23: 9 | Q23: 12 | T23: =[10]Sheet1!G36 -> 21 | U23: =[10]Sheet1!H36 -> 8 | W23: =SUM(U23:V23) -> 8 | X23: =SUM(G23+L23+O23+T23+W23) -> 52 | Y23: =SUMIF($E$12:$V$12,$Y$11,E23:V23) -> 0 | Z23: =SUMIF($E$12:$V$12,$Z$11,E23:V23) -> 32 | AA23: =SUMIF($E$12:$V$12,$AA$11,E23:V23) -> 27 | AB23: =IFERROR(IF(Y23/$Y$12*100>=50,"Y","N"),0) -> 0 | AC23: =IFERROR(IF(Z23/$Z$12*100>=50,"Y","N"),0) -> Y | AD23: =IFERROR(IF(AA23/$AA$12*100>=50,"Y","N"),0) -> Y | AE23: =Z23/60*100 -> 53.333333 | AF23: =AA23/40*100 -> 67.5
A24: 14 | B24: 934-2017 | C24: =[10]Sheet1!A37 -> 2023-IT-13 | D24: =[10]Sheet1!B37 -> Muhammad Daud | E24: =[10]Sheet1!D37 -> 8 | G24: =SUM(C24:F24) -> 8 | H24: 10 | I24: 8 | L24: =[10]Sheet1!E37 -> 18 | M24: =[10]Sheet1!F37 -> 8 | P24: 9 | Q24: 14 | T24: =[10]Sheet1!G37 -> 23 | U24: =[10]Sheet1!H37 -> 9 | W24: =SUM(U24:V24) -> 9 | X24: =SUM(G24+L24+O24+T24+W24) -> 58 | Y24: =SUMIF($E$12:$V$12,$Y$11,E24:V24) -> 0 | Z24: =SUMIF($E$12:$V$12,$Z$11,E24:V24) -> 35 | AA24: =SUMIF($E$12:$V$12,$AA$11,E24:V24) -> 31 | AB24: =IFERROR(IF(Y24/$Y$12*100>=50,"Y","N"),0) -> 0 | AC24: =IFERROR(IF(Z24/$Z$12*100>=50,"Y","N"),0) -> Y | AD24: =IFERROR(IF(AA24/$AA$12*100>=50,"Y","N"),0) -> Y | AE24: =Z24/60*100 -> 58.333333 | AF24: =AA24/40*100 -> 77.5
A25: 16 | B25: 938-2017 | C25: =[10]Sheet1!A38 -> 2023-IT-14 | D25: =[10]Sheet1!B38 -> Mursil Mateen | E25: =[10]Sheet1!D38 -> 10 | G25: =SUM(C25:F25) -> 10 | H25: 6 | I25: 10 | L25: =[10]Sheet1!E38 -> 16 | M25: =[10]Sheet1!F38 -> 7 | P25: 9 | Q25: 16 | T25: =[10]Sheet1!G38 -> 25 | U25: =[10]Sheet1!H38 -> 9 | W25: =SUM(U25:V25) -> 9 | X25: =SUM(G25+L25+O25+T25+W25) -> 60 | Y25: =SUMIF($E$12:$V$12,$Y$11,E25:V25) -> 0 | Z25: =SUMIF($E$12:$V$12,$Z$11,E25:V25) -> 35 | AA25: =SUMIF($E$12:$V$12,$AA$11,E25:V25) -> 32 | AB25: =IFERROR(IF(Y25/$Y$12*100>=50,"Y","N"),0) -> 0 | AC25: =IFERROR(IF(Z25/$Z$12*100>=50,"Y","N"),0) -> Y | AD25: =IFERROR(IF(AA25/$AA$12*100>=50,"Y","N"),0) -> Y | AE25: =Z25/60*100 -> 58.333333 | AF25: =AA25/40*100 -> 80
... A35: 28 | B35: 954-2017 | C35: =[10]Sheet1!A48 -> 2023-IT-38 | D35: =[10]Sheet1!B48 -> Sherzaman Bukhari | E35: =[10]Sheet1!D48 -> 8 | G35: =SUM(C35:F35) -> 8 | H35: 6 | I35: 9 | L35: =[10]Sheet1!E48 -> 15 | M35: =[10]Sheet1!F48 -> 8 | P35: 11 | Q35: 14 | T35: =[10]Sheet1!G48 -> 25 | U35: =[10]Sheet1!H48 -> 8 | W35: =SUM(U35:V35) -> 8 | X35: =SUM(G35+L35+O35+T35+W35) -> 56 | Y35: =SUMIF($E$12:$V$12,$Y$11,E35:V35) -> 0 | Z35: =SUMIF($E$12:$V$12,$Z$11,E35:V35) -> 34 | AA35: =SUMIF($E$12:$V$12,$AA$11,E35:V35) -> 30 | AB35: =IFERROR(IF(Y35/$Y$12*100>=50,"Y","N"),0) -> 0 | AC35: =IFERROR(IF(Z35/$Z$12*100>=50,"Y","N"),0) -> Y | AD35: =IFERROR(IF(AA35/$AA$12*100>=50,"Y","N"),0) -> Y | AE35: =Z35/60*100 -> 56.666667 | AF35: =AA35/40*100 -> 75
C36: =[10]Sheet1!A49 -> 2023-IT-40 | D36: =[10]Sheet1!B49 -> Ahmad Raza Shareef | E36: =[10]Sheet1!D49 -> 8 | G36: =SUM(C36:F36) -> 8 | H36: 6 | I36: 14 | L36: =[10]Sheet1!E49 -> 20 | M36: =[10]Sheet1!F49 -> 7 | P36: 10 | Q36: 12 | T36: =[10]Sheet1!G49 -> 22 | U36: =[10]Sheet1!H49 -> 9 | W36: =SUM(U36:V36) -> 9 | X36: =SUM(G36+L36+O36+T36+W36) -> 59 | Y36: =SUMIF($E$12:$V$12,$Y$11,E36:V36) -> 0 | Z36: =SUMIF($E$12:$V$12,$Z$11,E36:V36) -> 38 | AA36: =SUMIF($E$12:$V$12,$AA$11,E36:V36) -> 28 | AB36: =IFERROR(IF(Y36/$Y$12*100>=50,"Y","N"),0) -> 0 | AC36: =IFERROR(IF(Z36/$Z$12*100>=50,"Y","N"),0) -> Y | AD36: =IFERROR(IF(AA36/$AA$12*100>=50,"Y","N"),0) -> Y | AE36: =Z36/60*100 -> 63.333333 | AF36: =AA36/40*100 -> 70
C37: =[10]Sheet1!A50 -> 2023-IT-41 | D37: =[10]Sheet1!B50 -> Anas Noor | E37: =[10]Sheet1!D50 -> 0 | G37: =SUM(C37:F37) -> 0 | H37: 0 | I37: 0 | L37: =[10]Sheet1!E50 -> 0 | M37: =[10]Sheet1!F50 -> 0 | P37: 0 | Q37: 0 | T37: =[10]Sheet1!G50 -> 0 | U37: =[10]Sheet1!H50 -> 0 | W37: =SUM(U37:V37) -> 0 | X37: =SUM(G37+L37+O37+T37+W37) -> 0 | Y37: =SUMIF($E$12:$V$12,$Y$11,E37:V37) -> 0 | Z37: =SUMIF($E$12:$V$12,$Z$11,E37:V37) -> 0 | AA37: =SUMIF($E$12:$V$12,$AA$11,E37:V37) -> 0 | AB37: =IFERROR(IF(Y37/$Y$12*100>=50,"Y","N"),0) -> 0 | AC37: =IFERROR(IF(Z37/$Z$12*100>=50,"Y","N"),0) -> N | AD37: =IFERROR(IF(AA37/$AA$12*100>=50,"Y","N"),0) -> N | AE37: =Z37/60*100 -> 0 | AF37: =AA37/40*100 -> 0
C38: =[10]Sheet1!A51 -> 2023-IT-42 | D38: =[10]Sheet1!B51 -> Muhammad Moosa Bhatti | E38: =[10]Sheet1!D51 -> 7 | G38: =SUM(C38:F38) -> 7 | H38: 4 | I38: 8 | L38: =[10]Sheet1!E51 -> 12 | M38: =[10]Sheet1!F51 -> 6 | P38: 10 | Q38: 14 | T38: =[10]Sheet1!G51 -> 24 | U38: =[10]Sheet1!H51 -> 7 | W38: =SUM(U38:V38) -> 7 | X38: =SUM(G38+L38+O38+T38+W38) -> 50 | Y38: =SUMIF($E$12:$V$12,$Y$11,E38:V38) -> 0 | Z38: =SUMIF($E$12:$V$12,$Z$11,E38:V38) -> 29 | AA38: =SUMIF($E$12:$V$12,$AA$11,E38:V38) -> 27 | AB38: =IFERROR(IF(Y38/$Y$12*100>=50,"Y","N"),0) -> 0 | AC38: =IFERROR(IF(Z38/$Z$12*100>=50,"Y","N"),0) -> N | AD38: =IFERROR(IF(AA38/$AA$12*100>=50,"Y","N"),0) -> Y | AE38: =Z38/60*100 -> 48.333333 | AF38: =AA38/40*100 -> 67.5
C39: =[10]Sheet1!A52 -> 2023-IT-44 | D39: =[10]Sheet1!B52 -> Muhammad Nouman Aslam | E39: =[10]Sheet1!D52 -> 9 | G39: =SUM(C39:F39) -> 9 | H39: 7 | I39: 10 | L39: =[10]Sheet1!E52 -> 17 | M39: =[10]Sheet1!F52 -> 8 | P39: 12 | Q39: 14 | T39: =[10]Sheet1!G52 -> 26 | U39: =[10]Sheet1!H52 -> 9 | W39: =SUM(U39:V39) -> 9 | X39: =SUM(G39+L39+O39+T39+W39) -> 61 | Y39: =SUMIF($E$12:$V$12,$Y$11,E39:V39) -> 0 | Z39: =SUMIF($E$12:$V$12,$Z$11,E39:V39) -> 38 | AA39: =SUMIF($E$12:$V$12,$AA$11,E39:V39) -> 31 | AB39: =IFERROR(IF(Y39/$Y$12*100>=50,"Y","N"),0) -> 0 | AC39: =IFERROR(IF(Z39/$Z$12*100>=50,"Y","N"),0) -> Y | AD39: =IFERROR(IF(AA39/$AA$12*100>=50,"Y","N"),0) -> Y | AE39: =Z39/60*100 -> 63.333333 | AF39: =AA39/40*100 -> 77.5
C40: =[10]Sheet1!A53 -> 2023-IT-46 | D40: =[10]Sheet1!B53 -> Muhammad Haseeb Anjum | E40: =[10]Sheet1!D53 -> 8 | G40: =SUM(C40:F40) -> 8 | H40: 6 | I40: 11 | L40: =[10]Sheet1!E53 -> 17 | M40: =[10]Sheet1!F53 -> 9 | P40: 10 | Q40: 14 | T40: =[10]Sheet1!G53 -> 24 | U40: =[10]Sheet1!H53 -> 9 | W40: =SUM(U40:V40) -> 9 | X40: =SUM(G40+L40+O40+T40+W40) -> 58 | Y40: =SUMIF($E$12:$V$12,$Y$11,E40:V40) -> 0 | Z40: =SUMIF($E$12:$V$12,$Z$11,E40:V40) -> 35 | AA40: =SUMIF($E$12:$V$12,$AA$11,E40:V40) -> 32 | AB40: =IFERROR(IF(Y40/$Y$12*100>=50,"Y","N"),0) -> 0 | AC40: =IFERROR(IF(Z40/$Z$12*100>=50,"Y","N"),0) -> Y | AD40: =IFERROR(IF(AA40/$AA$12*100>=50,"Y","N"),0) -> Y | AE40: =Z40/60*100 -> 58.333333 | AF40: =AA40/40*100 -> 80
C41: =[10]Sheet1!A54 -> 2023-IT-48 | D41: =[10]Sheet1!B54 -> Muhammad Arslan Waheed | E41: =[10]Sheet1!D54 -> 8 | G41: =SUM(C41:F41) -> 8 | H41: 5 | I41: 12 | L41: =[10]Sheet1!E54 -> 17 | M41: =[10]Sheet1!F54 -> 8 | P41: 10 | Q41: 11 | T41: =[10]Sheet1!G54 -> 21 | U41: =[10]Sheet1!H54 -> 7 | W41: =SUM(U41:V41) -> 7 | X41: =SUM(G41+L41+O41+T41+W41) -> 53 | Y41: =SUMIF($E$12:$V$12,$Y$11,E41:V41) -> 0 | Z41: =SUMIF($E$12:$V$12,$Z$11,E41:V41) -> 35 | AA41: =SUMIF($E$12:$V$12,$AA$11,E41:V41) -> 26 | AB41: =IFERROR(IF(Y41/$Y$12*100>=50,"Y","N"),0) -> 0 | AC41: =IFERROR(IF(Z41/$Z$12*100>=50,"Y","N"),0) -> Y | AD41: =IFERROR(IF(AA41/$AA$12*100>=50,"Y","N"),0) -> Y | AE41: =Z41/60*100 -> 58.333333 | AF41: =AA41/40*100 -> 65
C42: =[10]Sheet1!A55 -> 2023-IT-50 | D42: =[10]Sheet1!B55 -> Hafiz Muhammad Hasnain Saif | E42: =[10]Sheet1!D55 -> 8 | G42: =SUM(C42:F42) -> 8 | H42: 6 | I42: 9 | L42: =[10]Sheet1!E55 -> 15 | M42: =[10]Sheet1!F55 -> 7 | P42: 10 | Q42: 11 | T42: =[10]Sheet1!G55 -> 21 | U42: =[10]Sheet1!H55 -> 8 | W42: =SUM(U42:V42) -> 8 | X42: =SUM(G42+L42+O42+T42+W42) -> 52 | Y42: =SUMIF($E$12:$V$12,$Y$11,E42:V42) -> 0 | Z42: =SUMIF($E$12:$V$12,$Z$11,E42:V42) -> 33 | AA42: =SUMIF($E$12:$V$12,$AA$11,E42:V42) -> 26 | AB42: =IFERROR(IF(Y42/$Y$12*100>=50,"Y","N"),0) -> 0 | AC42: =IFERROR(IF(Z42/$Z$12*100>=50,"Y","N"),0) -> Y | AD42: =IFERROR(IF(AA42/$AA$12*100>=50,"Y","N"),0) -> Y | AE42: =Z42/60*100 -> 55 | AF42: =AA42/40*100 -> 65
C43: =[10]Sheet1!A56 -> 2023-IT-54 | D43: =[10]Sheet1!B56 -> Muhammad Zeeshan | E43: =[10]Sheet1!D56 -> 9 | G43: =SUM(C43:F43) -> 9 | H43: 4 | I43: 7 | L43: =[10]Sheet1!E56 -> 11 | M43: =[10]Sheet1!F56 -> 7 | P43: 9 | Q43: 12 | T43: =[10]Sheet1!G56 -> 21 | U43: =[10]Sheet1!H56 -> 7 | W43: =SUM(U43:V43) -> 7 | X43: =SUM(G43+L43+O43+T43+W43) -> 48 | Y43: =SUMIF($E$12:$V$12,$Y$11,E43:V43) -> 0 | Z43: =SUMIF($E$12:$V$12,$Z$11,E43:V43) -> 29 | AA43: =SUMIF($E$12:$V$12,$AA$11,E43:V43) -> 26 | AB43: =IFERROR(IF(Y43/$Y$12*100>=50,"Y","N"),0) -> 0 | AC43: =IFERROR(IF(Z43/$Z$12*100>=50,"Y","N"),0) -> N | AD43: =IFERROR(IF(AA43/$AA$12*100>=50,"Y","N"),0) -> Y | AE43: =Z43/60*100 -> 48.333333 | AF43: =AA43/40*100 -> 65
C44: =[10]Sheet1!A57 -> 2023-IT-56 | D44: =[10]Sheet1!B57 -> Muhammad Adeel | E44: =[10]Sheet1!D57 -> 7 | G44: =SUM(C44:F44) -> 7 | H44: 7 | I44: 9 | L44: =[10]Sheet1!E57 -> 16 | M44: =[10]Sheet1!F57 -> 9 | P44: 8 | Q44: 12 | T44: =[10]Sheet1!G57 -> 20 | U44: =[10]Sheet1!H57 -> 7 | W44: =SUM(U44:V44) -> 7 | X44: =SUM(G44+L44+O44+T44+W44) -> 50 | Y44: =SUMIF($E$12:$V$12,$Y$11,E44:V44) -> 0 | Z44: =SUMIF($E$12:$V$12,$Z$11,E44:V44) -> 31 | AA44: =SUMIF($E$12:$V$12,$AA$11,E44:V44) -> 28 | AB44: =IFERROR(IF(Y44/$Y$12*100>=50,"Y","N"),0) -> 0 | AC44: =IFERROR(IF(Z44/$Z$12*100>=50,"Y","N"),0) -> Y | AD44: =IFERROR(IF(AA44/$AA$12*100>=50,"Y","N"),0) -> Y | AE44: =Z44/60*100 -> 51.666667 | AF44: =AA44/40*100 -> 70
C45: =[10]Sheet1!A58 -> 2023-IT-60 | D45: =[10]Sheet1!B58 -> Mughees Ahmad | E45: =[10]Sheet1!D58 -> 8 | G45: =SUM(C45:F45) -> 8 | H45: 6 | I45: 12 | L45: =[10]Sheet1!E58 -> 18 | M45: =[10]Sheet1!F58 -> 7 | P45: 12 | Q45: 8 | T45: =[10]Sheet1!G58 -> 20 | U45: =[10]Sheet1!H58 -> 8 | W45: =SUM(U45:V45) -> 8 | X45: =SUM(G45+L45+O45+T45+W45) -> 54 | Y45: =SUMIF($E$12:$V$12,$Y$11,E45:V45) -> 0 | Z45: =SUMIF($E$12:$V$12,$Z$11,E45:V45) -> 38 | AA45: =SUMIF($E$12:$V$12,$AA$11,E45:V45) -> 23 | AB45: =IFERROR(IF(Y45/$Y$12*100>=50,"Y","N"),0) -> 0 | AC45: =IFERROR(IF(Z45/$Z$12*100>=50,"Y","N"),0) -> Y | AD45: =IFERROR(IF(AA45/$AA$12*100>=50,"Y","N"),0) -> Y | AE45: =Z45/60*100 -> 63.333333 | AF45: =AA45/40*100 -> 57.5
C46: =[10]Sheet1!A59 -> 2023-IT-62 | D46: =[10]Sheet1!B59 -> Muhammad Azeem | E46: =[10]Sheet1!D59 -> 7 | G46: =SUM(C46:F46) -> 7 | H46: 8 | I46: 12 | L46: =[10]Sheet1!E59 -> 20 | M46: =[10]Sheet1!F59 -> 8 | P46: 11 | Q46: 11 | T46: =[10]Sheet1!G59 -> 22 | U46: =[10]Sheet1!H59 -> 8 | W46: =SUM(U46:V46) -> 8 | X46: =SUM(G46+L46+O46+T46+W46) -> 57 | Y46: =SUMIF($E$12:$V$12,$Y$11,E46:V46) -> 0 | Z46: =SUMIF($E$12:$V$12,$Z$11,E46:V46) -> 38 | AA46: =SUMIF($E$12:$V$12,$AA$11,E46:V46) -> 27 | AB46: =IFERROR(IF(Y46/$Y$12*100>=50,"Y","N"),0) -> 0 | AC46: =IFERROR(IF(Z46/$Z$12*100>=50,"Y","N"),0) -> Y | AD46: =IFERROR(IF(AA46/$AA$12*100>=50,"Y","N"),0) -> Y | AE46: =Z46/60*100 -> 63.333333 | AF46: =AA46/40*100 -> 67.5
C47: =[10]Sheet1!A60 -> 2023-IT-64 | D47: =[10]Sheet1!B60 -> Abdul Ahad | E47: =[10]Sheet1!D60 -> 0 | G47: =SUM(C47:F47) -> 0 | H47: 0 | I47: 0 | L47: =[10]Sheet1!E60 -> 0 | M47: =[10]Sheet1!F60 -> 0 | P47: 0 | Q47: 0 | T47: =[10]Sheet1!G60 -> 0 | U47: =[10]Sheet1!H60 -> 0 | W47: =SUM(U47:V47) -> 0 | X47: =SUM(G47+L47+O47+T47+W47) -> 0 | Y47: =SUMIF($E$12:$V$12,$Y$11,E47:V47) -> 0 | Z47: =SUMIF($E$12:$V$12,$Z$11,E47:V47) -> 0 | AA47: =SUMIF($E$12:$V$12,$AA$11,E47:V47) -> 0 | AB47: =IFERROR(IF(Y47/$Y$12*100>=50,"Y","N"),0) -> 0 | AC47: =IFERROR(IF(Z47/$Z$12*100>=50,"Y","N"),0) -> N | AD47: =IFERROR(IF(AA47/$AA$12*100>=50,"Y","N"),0) -> N | AE47: =Z47/60*100 -> 0 | AF47: =AA47/40*100 -> 0
... C56: =[10]Sheet1!A69 -> 2023-IT-80 | D56: =[10]Sheet1!B69 -> Ali Raza | E56: =[10]Sheet1!D69 -> 8 | G56: =SUM(C56:F56) -> 8 | H56: 5 | I56: 8 | L56: =[10]Sheet1!E69 -> 13 | M56: =[10]Sheet1!F69 -> 9 | P56: 10 | Q56: 15 | T56: =[10]Sheet1!G69 -> 25 | U56: =[10]Sheet1!H69 -> 9 | W56: =SUM(U56:V56) -> 9 | X56: =SUM(G56+L56+O56+T56+W56) -> 55 | Y56: =SUMIF($E$12:$V$12,$Y$11,E56:V56) -> 0 | Z56: =SUMIF($E$12:$V$12,$Z$11,E56:V56) -> 31 | AA56: =SUMIF($E$12:$V$12,$AA$11,E56:V56) -> 33 | AB56: =IFERROR(IF(Y56/$Y$12*100>=50,"Y","N"),0) -> 0 | AC56: =IFERROR(IF(Z56/$Z$12*100>=50,"Y","N"),0) -> Y | AD56: =IFERROR(IF(AA56/$AA$12*100>=50,"Y","N"),0) -> Y | AE56: =Z56/60*100 -> 51.666667 | AF56: =AA56/40*100 -> 82.5
C59: No. of Std achieve PLO | F59: =Y11 -> PLO1 | G59: =COUNTIF($AB$13:$AB$57,"Y") -> 0 | H59: =COUNTIF($AB$13:$AB$57,"N") -> 0
F60: =Z11 -> PLO2 | G60: =COUNTIF($AC$13:$AC$57,"Y") -> 32 | H60: =COUNTIF($AC$13:$AC$57,"N") -> 12
F61: =AA11 -> PLO4 | G61: =COUNTIF($AD$13:$AD$57,"Y") -> 38 | H61: =COUNTIF($AD$13:$AD$57,"N") -> 6
A62: 9 | B62: 1603-2017
A63: 10 | B63: 1272-2017
A64: 11 | B64: 1225-2017
A65: 12 | B65: 1186-2017
A66: 13 | B66: 1222-2017
A67: 14 | B67: 1198-2017
A68: 15 | B68: 1426-2017
A69: 16 | B69: 1294-2017
A70: 17 | B70: 1609-2017
A71: 18 | B71: 945-2017
A72: 19 | B72: 1196-2017
A73: 20 | B73: 947-2017
A74: 21 | B74: 949-2017
A75: 22 | B75: 1168-2017 | F75: Teacher Incharge Signature | V75: Incharge Department Signature
A76: 23 | B76: 1197-2017 | F76: =J5 -> Name: Engr. M Talha Jahangir | V76: (Engr.Dr. Muhammad Shahzad)
A77: 24 | B77: 1273-2017
A78: 25 | B78: 1194-2017
A79: 26 | B79: 1271-2017

Sheet Expository Writing 2
C1: MNS - UNIVERSITY OF ENGINEERING AND TECHNOLOGY MULTAN
C2: Department of Computer Science
C3: Program: | D3: BS Information Technology | H3: Semester: | J3: 2nd Semester
C4: Session: | D4: Fall 2023 (Evening) Section-A | J4: Spring 2024
C5: Course: | D5: ='[7]Expository Writing'!B5 -> Title (Code): Expository Writing (ENG-125) | H5: Instructor: | J5: ='[7]Expository Writing'!H5 -> Name: M. Amir Khan
D6: Credit Hours: 3 | E6: Theory
A7: OBE Assessment | E7: CLO1 | F7: CLO2 | G7: CLO3 | H7: CLO4 | I7: CLO5 | J7: CLO6 | K7: CLO7 | L7: CLO8 | M7: CLO9 | N7: CLO10 | O7: Total | P7: PLO1 | Q7: PLO2 | R7: PLO3 | S7: PLO4 | T7: PLO5 | U7: PLO6 | V7: PLO7 | W7: PLO8 | X7: PLO9 | Y7: PLO10 | Z7: Total
E8: {=TRANSPOSE(_xlfn._xlws.FILTER('[7]CLO & PLO'!K1:K10,'Expository Writing 2'!E7='[7]CLO & PLO'!A1))} -> 50 | F8: 20 | G8: 30 | H8: 0 | I8: 0 | J8: 0 | K8: 0 | L8: 0 | M8: 0 | N8: 0 | O8: =SUM(E8:N8) -> 100 | P8: {=TRANSPOSE( _xlfn._xlws.FILTER('[7]CLO & PLO'!X1:X10,'[7]CLO & PLO'!N1='Expository Writing 2'!P7))} -> 50 | Q8: 20 | R8: 30 | S8: 0 | T8: 0 | U8: 0 | V8: 0 | W8: 0 | X8: 0 | Y8: 0 | Z8: =SUM(P8:X8) -> 100
A9: S# | B9: CMS ID | C9: Assessment Tool ―→ | E9: Quiz1 | H9: Mid | M9: QuizII | P9: Final | U9: C.P | X9: Total | Y9: PLO Assessment | AB9: PLO Achieved
C10: Marks | E10: 10 | G10: =SUM(C10:F10) -> 10 | H10: 10 | I10: 20 | L10: =SUM(H10:K10) -> 30 | M10: 10 | O10: =SUM(M10:N10) -> 10 | P10: 20 | Q10: 20 | T10: =SUM(P10:S10) -> 40 | U10: 10 | W10: =SUM(U10:V10) -> 10 | X10: =G10+L10+O10+T10+W10 -> 100 | AE10: Percentage
C11: Target CLO | E11: CLO1 | G11: Total | H11: CLO2 | I11: CLO1 | L11: Total | M11: CLO3 | O11: Total | P11: CLO3 | Q11: CLO1 | T11: Total | U11: CLO2 | W11: Total | Y11: PLO1 | Z11: PLO2 | AA11: PLO3 | AB11: =Y11 -> PLO1 | AC11: =Z11 -> PLO2 | AD11: =AA11 -> PLO3 | AE11: PLO1 | AF11: PLO2 | AG11: PLO3
C12: Registration No | D12: Target PLO | E12: PLO1 | H12: PLO2 | I12: PLO1 | M12: PLO3 | P12: PLO3 | Q12: PLO1 | U12: PLO2 | Y12: {=IFERROR(_xlfn._xlws.FILTER(_xlfn.ANCHORARRAY(P8),Y11=$P$7:$Y$7),0)} -> 50 | Z12: {=IFERROR(_xlfn._xlws.FILTER(_xlfn.ANCHORARRAY(P8),Z11=$P$7:$Y$7),0)} -> 20 | AA12: {=IFERROR(_xlfn._xlws.FILTER(_xlfn.ANCHORARRAY(P8),AA11=$P$7:$Y$7),0)} -> 30 | AB12: {=IFERROR(_xlfn._xlws.FILTER(_xlfn.ANCHORARRAY(P8),AB11=$P$7:$Y$7),0)} -> 50 | AC12: {=IFERROR(_xlfn._xlws.FILTER(_xlfn.ANCHORARRAY(P8),AC11=$P$7:$Y$7),0)} -> 20 | AD12: {=IFERROR(_xlfn._xlws.FILTER(_xlfn.ANCHORARRAY(P8),AD11=$P$7:$Y$7),0)} -> 30 | AE12: 50 | AF12: 20 | AG12: 30
A13: 1 | B13: 917-2017 | C13: ='[7]Expository Writing'!A26 -> 2023-IT-01 | D13: ='[7]Expository Writing'!B26 -> Rahma Noor | E13: ='[7]Expository Writing'!D26 -> 4 | G13: =E13 -> 4 | H13: 8 | I13: 10 | L13: ='[7]Expository Writing'!E26 -> 18 | M13: ='[7]Expository Writing'!F26 -> 5 | O13: =M13 -> 5 | P13: 10 | Q13: 10 | T13: ='[7]Expository Writing'!G26 -> 20 | U13: ='[7]Expository Writing'!H26 -> 5 | W13: =U13 -> 5 | X13: =SUM(G13+L13+O13+T13+W13) -> 52 | Y13: =SUMIF($E$12:$V$12,$Y$11,E13:V13) -> 24 | Z13: =SUMIF($E$12:$V$12,$Z$11,E13:V13) -> 13 | AA13: =SUMIF($E$12:$V$12,$AA$11,E13:V13) -> 15 | AB13: =IFERROR(IF(Y13/$Y$12*100>=50,"Y","N"),0) -> N | AC13: =IFERROR(IF(Z13/$Z$12*100>=50,"Y","N"),0) -> Y | AD13: =IFERROR(IF(AA13/$AA$12*100>=50,"Y","N"),0) -> Y | AE13: =Y13/50*100 -> 48 | AF13: =Z13/20*100 -> 65 | AG13: =AA13/30*100 -> 50
A14: 2 | B14: 918-2017 | C14: ='[7]Expository Writing'!A27 -> 2023-IT-02 | D14: ='[7]Expository Writing'!B27 -> Alishba Manzoor | E14: ='[7]Expository Writing'!D27 -> 3 | G14: =E14 -> 3 | H14: 3 | I14: 3 | L14: ='[7]Expository Writing'!E27 -> 6 | M14: ='[7]Expository Writing'!F27 -> 2 | O14: =M14 -> 2 | P14: 8 | Q14: 10 | T14: ='[7]Expository Writing'!G27 -> 18 | U14: ='[7]Expository Writing'!H27 -> 5 | W14: =U14 -> 5 | X14: =SUM(G14+L14+O14+T14+W14) -> 34 | Y14: =SUMIF($E$12:$V$12,$Y$11,E14:V14) -> 16 | Z14: =SUMIF($E$12:$V$12,$Z$11,E14:V14) -> 8 | AA14: =SUMIF($E$12:$V$12,$AA$11,E14:V14) -> 10 | AB14: =IFERROR(IF(Y14/$Y$12*100>=50,"Y","N"),0) -> N | AC14: =IFERROR(IF(Z14/$Z$12*100>=50,"Y","N"),0) -> N | AD14: =IFERROR(IF(AA14/$AA$12*100>=50,"Y","N"),0) -> N | AE14: =Y14/50*100 -> 32 | AF14: =Z14/20*100 -> 40 | AG14: =AA14/30*100 -> 33.333333
A15: 3 | B15: 919-2017 | C15: ='[7]Expository Writing'!A28 -> 2023-IT-03 | D15: ='[7]Expository Writing'!B28 -> Maheen Fatima | E15: ='[7]Expository Writing'!D28 -> 4 | G15: =E15 -> 4 | H15: 6 | I15: 6 | L15: ='[7]Expository Writing'!E28 -> 12 | M15: ='[7]Expository Writing'!F28 -> 3 | O15: =M15 -> 3 | P15: 10 | Q15: 12 | T15: ='[7]Expository Writing'!G28 -> 22 | U15: ='[7]Expository Writing'!H28 -> 5 | W15: =U15 -> 5 | X15: =SUM(G15+L15+O15+T15+W15) -> 46 | Y15: =SUMIF($E$12:$V$12,$Y$11,E15:V15) -> 22 | Z15: =SUMIF($E$12:$V$12,$Z$11,E15:V15) -> 11 | AA15: =SUMIF($E$12:$V$12,$AA$11,E15:V15) -> 13 | AB15: =IFERROR(IF(Y15/$Y$12*100>=50,"Y","N"),0) -> N | AC15: =IFERROR(IF(Z15/$Z$12*100>=50,"Y","N"),0) -> Y | AD15: =IFERROR(IF(AA15/$AA$12*100>=50,"Y","N"),0) -> N | AE15: =Y15/50*100 -> 44 | AF15: =Z15/20*100 -> 55 | AG15: =AA15/30*100 -> 43.333333
A16: 4 | B16: 921-2017 | C16: ='[7]Expository Writing'!A29 -> 2023-IT-04 | D16: ='[7]Expository Writing'!B29 -> Aneela | E16: ='[7]Expository Writing'!D29 -> 4 | G16: =E16 -> 4 | H16: 2 | I16: 6 | L16: ='[7]Expository Writing'!E29 -> 8 | M16: ='[7]Expository Writing'!F29 -> 4 | O16: =M16 -> 4 | P16: 10 | Q16: 12 | T16: ='[7]Expository Writing'!G29 -> 22 | U16: ='[7]Expository Writing'!H29 -> 5 | W16: =U16 -> 5 | X16: =SUM(G16+L16+O16+T16+W16) -> 43 | Y16: =SUMIF($E$12:$V$12,$Y$11,E16:V16) -> 22 | Z16: =SUMIF($E$12:$V$12,$Z$11,E16:V16) -> 7 | AA16: =SUMIF($E$12:$V$12,$AA$11,E16:V16) -> 14 | AB16: =IFERROR(IF(Y16/$Y$12*100>=50,"Y","N"),0) -> N | AC16: =IFERROR(IF(Z16/$Z$12*100>=50,"Y","N"),0) -> N | AD16: =IFERROR(IF(AA16/$AA$12*100>=50,"Y","N"),0) -> N | AE16: =Y16/50*100 -> 44 | AF16: =Z16/20*100 -> 35 | AG16: =AA16/30*100 -> 46.666667
A17: 5 | B17: 922-2017 | C17: ='[7]Expository Writing'!A30 -> 2023-IT-05 | D17: ='[7]Expository Writing'!B30 -> Alishba Saleem | E17: ='[7]Expository Writing'!D30 -> 5 | G17: =E17 -> 5 | H17: 2 | I17: 4 | L17: ='[7]Expository Writing'!E30 -> 6 | M17: ='[7]Expository Writing'!F30 -> 3 | O17: =M17 -> 3 | P17: 7 | Q17: 10 | T17: ='[7]Expository Writing'!G30 -> 17 | U17: ='[7]Expository Writing'!H30 -> 6 | W17: =U17 -> 6 | X17: =SUM(G17+L17+O17+T17+W17) -> 37 | Y17: =SUMIF($E$12:$V$12,$Y$11,E17:V17) -> 19 | Z17: =SUMIF($E$12:$V$12,$Z$11,E17:V17) -> 8 | AA17: =SUMIF($E$12:$V$12,$AA$11,E17:V17) -> 10 | AB17: =IFERROR(IF(Y17/$Y$12*100>=50,"Y","N"),0) -> N | AC17: =IFERROR(IF(Z17/$Z$12*100>=50,"Y","N"),0) -> N | AD17: =IFERROR(IF(AA17/$AA$12*100>=50,"Y","N"),0) -> N | AE17: =Y17/50*100 -> 38 | AF17: =Z17/20*100 -> 40 | AG17: =AA17/30*100 -> 33.333333
A18: 6 | B18: 923-2017 | C18: ='[7]Expository Writing'!A31 -> 2023-IT-06 | D18: ='[7]Expository Writing'!B31 -> Mehak Asghar | E18: ='[7]Expository Writing'!D31 -> 4 | G18: =E18 -> 4 | H18: 7 | I18: 6 | L18: ='[7]Expository Writing'!E31 -> 13 | M18: ='[7]Expository Writing'!F31 -> 4 | O18: =M18 -> 4 | P18: 8 | Q18: 20 | T18: ='[7]Expository Writing'!G31 -> 28 | U18: ='[7]Expository Writing'!H31 -> 7 | W18: =U18 -> 7 | X18: =SUM(G18+L18+O18+T18+W18) -> 56 | Y18: =SUMIF($E$12:$V$12,$Y$11,E18:V18) -> 30 | Z18: =SUMIF($E$12:$V$12,$Z$11,E18:V18) -> 14 | AA18: =SUMIF($E$12:$V$12,$AA$11,E18:V18) -> 12 | AB18: =IFERROR(IF(Y18/$Y$12*100>=50,"Y","N"),0) -> Y | AC18: =IFERROR(IF(Z18/$Z$12*100>=50,"Y","N"),0) -> Y | AD18: =IFERROR(IF(AA18/$AA$12*100>=50,"Y","N"),0) -> N | AE18: =Y18/50*100 -> 60 | AF18: =Z18/20*100 -> 70 | AG18: =AA18/30*100 -> 40
A19: 7 | B19: 1144-2017 | C19: ='[7]Expository Writing'!A32 -> 2023-IT-07 | D19: ='[7]Expository Writing'!B32 -> Humaira Afzal | E19: ='[7]Expository Writing'!D32 -> 5 | G19: =E19 -> 5 | H19: 6 | I19: 8 | L19: ='[7]Expository Writing'!E32 -> 14 | M19: ='[7]Expository Writing'!F32 -> 4 | O19: =M19 -> 4 | P19: 9 | Q19: 20 | T19: ='[7]Expository Writing'!G32 -> 29 | U19: ='[7]Expository Writing'!H32 -> 6 | W19: =U19 -> 6 | X19: =SUM(G19+L19+O19+T19+W19) -> 58 | Y19: =SUMIF($E$12:$V$12,$Y$11,E19:V19) -> 33 | Z19: =SUMIF($E$12:$V$12,$Z$11,E19:V19) -> 12 | AA19: =SUMIF($E$12:$V$12,$AA$11,E19:V19) -> 13 | AB19: =IFERROR(IF(Y19/$Y$12*100>=50,"Y","N"),0) -> Y | AC19: =IFERROR(IF(Z19/$Z$12*100>=50,"Y","N"),0) -> Y | AD19: =IFERROR(IF(AA19/$AA$12*100>=50,"Y","N"),0) -> N | AE19: =Y19/50*100 -> 66 | AF19: =Z19/20*100 -> 60 | AG19: =AA19/30*100 -> 43.333333
A20: 10 | B20: 932-2017 | C20: ='[7]Expository Writing'!A33 -> 2023-IT-08 | D20: ='[7]Expository Writing'!B33 -> Saleena Khan | E20: ='[7]Expository Writing'!D33 -> 0 | G20: =E20 -> 0 | H20: 0 | I20: 0 | L20: ='[7]Expository Writing'!E33 -> 0 | M20: ='[7]Expository Writing'!F33 -> 0 | O20: =M20 -> 0 | P20: 0 | Q20: 0 | T20: ='[7]Expository Writing'!G33 -> 0 | U20: ='[7]Expository Writing'!H33 -> 0 | W20: =U20 -> 0 | X20: =SUM(G20+L20+O20+T20+W20) -> 0 | Y20: =SUMIF($E$12:$V$12,$Y$11,E20:V20) -> 0 | Z20: =SUMIF($E$12:$V$12,$Z$11,E20:V20) -> 0 | AA20: =SUMIF($E$12:$V$12,$AA$11,E20:V20) -> 0 | AB20: =IFERROR(IF(Y20/$Y$12*100>=50,"Y","N"),0) -> N | AC20: =IFERROR(IF(Z20/$Z$12*100>=50,"Y","N"),0) -> N | AD20: =IFERROR(IF(AA20/$AA$12*100>=50,"Y","N"),0) -> N | AE20: =Y20/50*100 -> 0 | AF20: =Z20/20*100 -> 0 | AG20: =AA20/30*100 -> 0
A21: 11 | B21: 1169-2017 | C21: ='[7]Expository Writing'!A34 -> 2023-IT-10 | D21: ='[7]Expository Writing'!B34 -> Asad Ullah | E21: ='[7]Expository Writing'!D34 -> 6 | G21: =E21 -> 6 | H21: 6 | I21: 6 | L21: ='[7]Expository Writing'!E34 -> 12 | M21: ='[7]Expository Writing'!F34 -> 4 | O21: =M21 -> 4 | P21: 8 | Q21: 20 | T21: ='[7]Expository Writing'!G34 -> 28 | U21: ='[7]Expository Writing'!H34 -> 7 | W21: =U21 -> 7 | X21: =SUM(G21+L21+O21+T21+W21) -> 57 | Y21: =SUMIF($E$12:$V$12,$Y$11,E21:V21) -> 32 | Z21: =SUMIF($E$12:$V$12,$Z$11,E21:V21) -> 13 | AA21: =SUMIF($E$12:$V$12,$AA$11,E21:V21) -> 12 | AB21: =IFERROR(IF(Y21/$Y$12*100>=50,"Y","N"),0) -> Y | AC21: =IFERROR(IF(Z21/$Z$12*100>=50,"Y","N"),0) -> Y | AD21: =IFERROR(IF(AA21/$AA$12*100>=50,"Y","N"),0) -> N | AE21: =Y21/50*100 -> 64 | AF21: =Z21/20*100 -> 65 | AG21: =AA21/30*100 -> 40
A22: 12 | B22: 1068-2017 | C22: ='[7]Expository Writing'!A35 -> 2023-IT-11 | D22: ='[7]Expository Writing'!B35 -> Rana Talha dawood | E22: ='[7]Expository Writing'!D35 -> 4 | G22: =E22 -> 4 | H22: 4 | I22: 6 | L22: ='[7]Expository Writing'!E35 -> 10 | M22: ='[7]Expository Writing'!F35 -> 5 | O22: =M22 -> 5 | P22: 8 | Q22: 16 | T22: ='[7]Expository Writing'!G35 -> 24 | U22: ='[7]Expository Writing'!H35 -> 6 | W22: =U22 -> 6 | X22: =SUM(G22+L22+O22+T22+W22) -> 49 | Y22: =SUMIF($E$12:$V$12,$Y$11,E22:V22) -> 26 | Z22: =SUMIF($E$12:$V$12,$Z$11,E22:V22) -> 10 | AA22: =SUMIF($E$12:$V$12,$AA$11,E22:V22) -> 13 | AB22: =IFERROR(IF(Y22/$Y$12*100>=50,"Y","N"),0) -> Y | AC22: =IFERROR(IF(Z22/$Z$12*100>=50,"Y","N"),0) -> Y | AD22: =IFERROR(IF(AA22/$AA$12*100>=50,"Y","N"),0) -> N | AE22: =Y22/50*100 -> 52 | AF22: =Z22/20*100 -> 50 | AG22: =AA22/30*100 -> 43.333333
A23: 13 | B23: 933-2017 | C23: ='[7]Expository Writing'!A36 -> 2023-IT-12 | D23: ='[7]Expository Writing'!B36 -> Ali Ahmad | E23: ='[7]Expository Writing'!D36 -> 5 | G23: =E23 -> 5 | H23: 2 | I23: 4 | L23: ='[7]Expository Writing'!E36 -> 6 | M23: ='[7]Expository Writing'!F36 -> 7 | O23: =M23 -> 7 | P23: 9 | Q23: 20 | T23: ='[7]Expository Writing'!G36 -> 29 | U23: ='[7]Expository Writing'!H36 -> 7 | W23: =U23 -> 7 | X23: =SUM(G23+L23+O23+T23+W23) -> 54 | Y23: =SUMIF($E$12:$V$12,$Y$11,E23:V23) -> 29 | Z23: =SUMIF($E$12:$V$12,$Z$11,E23:V23) -> 9 | AA23: =SUMIF($E$12:$V$12,$AA$11,E23:V23) -> 16 | AB23: =IFERROR(IF(Y23/$Y$12*100>=50,"Y","N"),0) -> Y | AC23: =IFERROR(IF(Z23/$Z$12*100>=50,"Y","N"),0) -> N | AD23: =IFERROR(IF(AA23/$AA$12*100>=50,"Y","N"),0) -> Y | AE23: =Y23/50*100 -> 58 | AF23: =Z23/20*100 -> 45 | AG23: =AA23/30*100 -> 53.333333
A24: 14 | B24: 934-2017 | C24: ='[7]Expository Writing'!A37 -> 2023-IT-13 | D24: ='[7]Expository Writing'!B37 -> Muhammad Daud | E24: ='[7]Expository Writing'!D37 -> 5 | G24: =E24 -> 5 | H24: 2 | I24: 6 | L24: ='[7]Expository Writing'!E37 -> 8 | M24: ='[7]Expository Writing'!F37 -> 5 | O24: =M24 -> 5 | P24: 9 | Q24: 20 | T24: ='[7]Expository Writing'!G37 -> 29 | U24: ='[7]Expository Writing'!H37 -> 7 | W24: =U24 -> 7 | X24: =SUM(G24+L24+O24+T24+W24) -> 54 | Y24: =SUMIF($E$12:$V$12,$Y$11,E24:V24) -> 31 | Z24: =SUMIF($E$12:$V$12,$Z$11,E24:V24) -> 9 | AA24: =SUMIF($E$12:$V$12,$AA$11,E24:V24) -> 14 | AB24: =IFERROR(IF(Y24/$Y$12*100>=50,"Y","N"),0) -> Y | AC24: =IFERROR(IF(Z24/$Z$12*100>=50,"Y","N"),0) -> N | AD24: =IFERROR(IF(AA24/$AA$12*100>=50,"Y","N"),0) -> N | AE24: =Y24/50*100 -> 62 | AF24: =Z24/20*100 -> 45 | AG24: =AA24/30*100 -> 46.666667
... A35: 28 | B35: 954-2017 | C35: ='[7]Expository Writing'!A48 -> 2023-IT-38 | D35: ='[7]Expository Writing'!B48 -> Sherzaman Bukhari | E35: ='[7]Expository Writing'!D48 -> 4 | G35: =E35 -> 4 | H35: 2 | I35: 4 | L35: ='[7]Expository Writing'!E48 -> 6 | M35: ='[7]Expository Writing'!F48 -> 5 | O35: =M35 -> 5 | P35: 3 | Q35: 10 | T35: ='[7]Expository Writing'!G48 -> 13 | U35: ='[7]Expository Writing'!H48 -> 6 | W35: =U35 -> 6 | X35: =SUM(G35+L35+O35+T35+W35) -> 34 | Y35: =SUMIF($E$12:$V$12,$Y$11,E35:V35) -> 18 | Z35: =SUMIF($E$12:$V$12,$Z$11,E35:V35) -> 8 | AA35: =SUMIF($E$12:$V$12,$AA$11,E35:V35) -> 8 | AB35: =IFERROR(IF(Y35/$Y$12*100>=50,"Y","N"),0) -> N | AC35: =IFERROR(IF(Z35/$Z$12*100>=50,"Y","N"),0) -> N | AD35: =IFERROR(IF(AA35/$AA$12*100>=50,"Y","N"),0) -> N | AE35: =Y35/50*100 -> 36 | AF35: =Z35/20*100 -> 40 | AG35: =AA35/30*100 -> 26.666667
C36: ='[7]Expository Writing'!A49 -> 2023-IT-40 | D36: ='[7]Expository Writing'!B49 -> Ahmad Raza Shareef | E36: ='[7]Expository Writing'!D49 -> 4 | G36: =E36 -> 4 | H36: 2 | I36: 6 | L36: ='[7]Expository Writing'!E49 -> 8 | M36: ='[7]Expository Writing'!F49 -> 5 | O36: =M36 -> 5 | P36: 10 | Q36: 11 | T36: ='[7]Expository Writing'!G49 -> 21 | U36: ='[7]Expository Writing'!H49 -> 5 | W36: =U36 -> 5 | X36: =SUM(G36+L36+O36+T36+W36) -> 43 | Y36: =SUMIF($E$12:$V$12,$Y$11,E36:V36) -> 21 | Z36: =SUMIF($E$12:$V$12,$Z$11,E36:V36) -> 7 | AA36: =SUMIF($E$12:$V$12,$AA$11,E36:V36) -> 15 | AB36: =IFERROR(IF(Y36/$Y$12*100>=50,"Y","N"),0) -> N | AC36: =IFERROR(IF(Z36/$Z$12*100>=50,"Y","N"),0) -> N | AD36: =IFERROR(IF(AA36/$AA$12*100>=50,"Y","N"),0) -> Y | AE36: =Y36/50*100 -> 42 | AF36: =Z36/20*100 -> 35 | AG36: =AA36/30*100 -> 50
C37: ='[7]Expository Writing'!A50 -> 2023-IT-41 | D37: ='[7]Expository Writing'!B50 -> Anas Noor | E37: ='[7]Expository Writing'!D50 -> 0 | G37: =E37 -> 0 | H37: 0 | I37: 0 | L37: ='[7]Expository Writing'!E50 -> 0 | M37: ='[7]Expository Writing'!F50 -> 0 | O37: =M37 -> 0 | P37: 0 | Q37: 0 | T37: ='[7]Expository Writing'!G50 -> 0 | U37: ='[7]Expository Writing'!H50 -> 0 | W37: =U37 -> 0 | X37: =SUM(G37+L37+O37+T37+W37) -> 0 | Y37: =SUMIF($E$12:$V$12,$Y$11,E37:V37) -> 0 | Z37: =SUMIF($E$12:$V$12,$Z$11,E37:V37) -> 0 | AA37: =SUMIF($E$12:$V$12,$AA$11,E37:V37) -> 0 | AB37: =IFERROR(IF(Y37/$Y$12*100>=50,"Y","N"),0) -> N | AC37: =IFERROR(IF(Z37/$Z$12*100>=50,"Y","N"),0) -> N | AD37: =IFERROR(IF(AA37/$AA$12*100>=50,"Y","N"),0) -> N | AE37: =Y37/50*100 -> 0 | AF37: =Z37/20*100 -> 0 | AG37: =AA37/30*100 -> 0
C38: ='[7]Expository Writing'!A51 -> 2023-IT-42 | D38: ='[7]Expository Writing'!B51 -> Muhammad Moosa Bhatti | E38: ='[7]Expository Writing'!D51 -> 9 | G38: =E38 -> 9 | H38: 2 | I38: 6 | L38: ='[7]Expository Writing'!E51 -> 8 | M38: ='[7]Expository Writing'!F51 -> 6 | O38: =M38 -> 6 | P38: 9 | Q38: 20 | T38: ='[7]Expository Writing'!G51 -> 29 | U38: ='[7]Expository Writing'!H51 -> 8 | W38: =U38 -> 8 | X38: =SUM(G38+L38+O38+T38+W38) -> 60 | Y38: =SUMIF($E$12:$V$12,$Y$11,E38:V38) -> 35 | Z38: =SUMIF($E$12:$V$12,$Z$11,E38:V38) -> 10 | AA38: =SUMIF($E$12:$V$12,$AA$11,E38:V38) -> 15 | AB38: =IFERROR(IF(Y38/$Y$12*100>=50,"Y","N"),0) -> Y | AC38: =IFERROR(IF(Z38/$Z$12*100>=50,"Y","N"),0) -> Y | AD38: =IFERROR(IF(AA38/$AA$12*100>=50,"Y","N"),0) -> Y | AE38: =Y38/50*100 -> 70 | AF38: =Z38/20*100 -> 50 | AG38: =AA38/30*100 -> 50
C39: ='[7]Expository Writing'!A52 -> 2023-IT-44 | D39: ='[7]Expository Writing'!B52 -> Muhammad Nouman Aslam | E39: ='[7]Expository Writing'!D52 -> 7 | G39: =E39 -> 7 | H39: 3 | I39: 6 | L39: ='[7]Expository Writing'!E52 -> 9 | M39: ='[7]Expository Writing'!F52 -> 4 | O39: =M39 -> 4 | P39: 10 | Q39: 10 | T39: ='[7]Expository Writing'!G52 -> 20 | U39: ='[7]Expository Writing'!H52 -> 7 | W39: =U39 -> 7 | X39: =SUM(G39+L39+O39+T39+W39) -> 47 | Y39: =SUMIF($E$12:$V$12,$Y$11,E39:V39) -> 23 | Z39: =SUMIF($E$12:$V$12,$Z$11,E39:V39) -> 10 | AA39: =SUMIF($E$12:$V$12,$AA$11,E39:V39) -> 14 | AB39: =IFERROR(IF(Y39/$Y$12*100>=50,"Y","N"),0) -> N | AC39: =IFERROR(IF(Z39/$Z$12*100>=50,"Y","N"),0) -> Y | AD39: =IFERROR(IF(AA39/$AA$12*100>=50,"Y","N"),0) -> N | AE39: =Y39/50*100 -> 46 | AF39: =Z39/20*100 -> 50 | AG39: =AA39/30*100 -> 46.666667
C40: ='[7]Expository Writing'!A53 -> 2023-IT-46 | D40: ='[7]Expository Writing'!B53 -> Muhammad Haseeb Anjum | E40: ='[7]Expository Writing'!D53 -> 8 | G40: =E40 -> 8 | H40: 6 | I40: 8 | L40: ='[7]Expository Writing'!E53 -> 14 | M40: ='[7]Expository Writing'!F53 -> 5 | O40: =M40 -> 5 | P40: 7 | Q40: 20 | T40: ='[7]Expository Writing'!G53 -> 27 | U40: ='[7]Expository Writing'!H53 -> 7 | W40: =U40 -> 7 | X40: =SUM(G40+L40+O40+T40+W40) -> 61 | Y40: =SUMIF($E$12:$V$12,$Y$11,E40:V40) -> 36 | Z40: =SUMIF($E$12:$V$12,$Z$11,E40:V40) -> 13 | AA40: =SUMIF($E$12:$V$12,$AA$11,E40:V40) -> 12 | AB40: =IFERROR(IF(Y40/$Y$12*100>=50,"Y","N"),0) -> Y | AC40: =IFERROR(IF(Z40/$Z$12*100>=50,"Y","N"),0) -> Y | AD40: =IFERROR(IF(AA40/$AA$12*100>=50,"Y","N"),0) -> N | AE40: =Y40/50*100 -> 72 | AF40: =Z40/20*100 -> 65 | AG40: =AA40/30*100 -> 40
C41: ='[7]Expository Writing'!A54 -> 2023-IT-48 | D41: ='[7]Expository Writing'!B54 -> Muhammad Arslan Waheed | E41: ='[7]Expository Writing'!D54 -> 5 | G41: =E41 -> 5 | H41: 6 | I41: 7 | L41: ='[7]Expository Writing'!E54 -> 13 | M41: ='[7]Expository Writing'!F54 -> 6 | O41: =M41 -> 6 | P41: 7 | Q41: 20 | T41: ='[7]Expository Writing'!G54 -> 27 | U41: ='[7]Expository Writing'!H54 -> 7 | W41: =U41 -> 7 | X41: =SUM(G41+L41+O41+T41+W41) -> 58 | Y41: =SUMIF($E$12:$V$12,$Y$11,E41:V41) -> 32 | Z41: =SUMIF($E$12:$V$12,$Z$11,E41:V41) -> 13 | AA41: =SUMIF($E$12:$V$12,$AA$11,E41:V41) -> 13 | AB41: =IFERROR(IF(Y41/$Y$12*100>=50,"Y","N"),0) -> Y | AC41: =IFERROR(IF(Z41/$Z$12*100>=50,"Y","N"),0) -> Y | AD41: =IFERROR(IF(AA41/$AA$12*100>=50,"Y","N"),0) -> N | AE41: =Y41/50*100 -> 64 | AF41: =Z41/20*100 -> 65 | AG41: =AA41/30*100 -> 43.333333
C42: ='[7]Expository Writing'!A55 -> 2023-IT-50 | D42: ='[7]Expository Writing'!B55 -> Hafiz Muhammad Hasnain Saif | E42: ='[7]Expository Writing'!D55 -> 6 | G42: =E42 -> 6 | H42: 4 | I42: 6 | L42: ='[7]Expository Writing'!E55 -> 10 | M42: ='[7]Expository Writing'!F55 -> 5 | O42: =M42 -> 5 | P42: 8 | Q42: 20 | T42: ='[7]Expository Writing'!G55 -> 28 | U42: ='[7]Expository Writing'!H55 -> 8 | W42: =U42 -> 8 | X42: =SUM(G42+L42+O42+T42+W42) -> 57 | Y42: =SUMIF($E$12:$V$12,$Y$11,E42:V42) -> 32 | Z42: =SUMIF($E$12:$V$12,$Z$11,E42:V42) -> 12 | AA42: =SUMIF($E$12:$V$12,$AA$11,E42:V42) -> 13 | AB42: =IFERROR(IF(Y42/$Y$12*100>=50,"Y","N"),0) -> Y | AC42: =IFERROR(IF(Z42/$Z$12*100>=50,"Y","N"),0) -> Y | AD42: =IFERROR(IF(AA42/$AA$12*100>=50,"Y","N"),0) -> N | AE42: =Y42/50*100 -> 64 | AF42: =Z42/20*100 -> 60 | AG42: =AA42/30*100 -> 43.333333
C43: ='[7]Expository Writing'!A56 -> 2023-IT-54 | D43: ='[7]Expository Writing'!B56 -> Muhammad Zeeshan | E43: ='[7]Expository Writing'!D56 -> 8 | G43: =E43 -> 8 | H43: 8 | I43: 12 | L43: ='[7]Expository Writing'!E56 -> 20 | M43: ='[7]Expository Writing'!F56 -> 6 | O43: =M43 -> 6 | P43: 10 | Q43: 19 | T43: ='[7]Expository Writing'!G56 -> 29 | U43: ='[7]Expository Writing'!H56 -> 8 | W43: =U43 -> 8 | X43: =SUM(G43+L43+O43+T43+W43) -> 71 | Y43: =SUMIF($E$12:$V$12,$Y$11,E43:V43) -> 39 | Z43: =SUMIF($E$12:$V$12,$Z$11,E43:V43) -> 16 | AA43: =SUMIF($E$12:$V$12,$AA$11,E43:V43) -> 16 | AB43: =IFERROR(IF(Y43/$Y$12*100>=50,"Y","N"),0) -> Y | AC43: =IFERROR(IF(Z43/$Z$12*100>=50,"Y","N"),0) -> Y | AD43: =IFERROR(IF(AA43/$AA$12*100>=50,"Y","N"),0) -> Y | AE43: =Y43/50*100 -> 78 | AF43: =Z43/20*100 -> 80 | AG43: =AA43/30*100 -> 53.333333
C44: ='[7]Expository Writing'!A57 -> 2023-IT-56 | D44: ='[7]Expository Writing'!B57 -> Muhammad Adeel | E44: ='[7]Expository Writing'!D57 -> 2 | G44: =E44 -> 2 | H44: 4 | I44: 8 | L44: ='[7]Expository Writing'!E57 -> 12 | M44: ='[7]Expository Writing'!F57 -> 6 | O44: =M44 -> 6 | P44: 10 | Q44: 16 | T44: ='[7]Expository Writing'!G57 -> 26 | U44: ='[7]Expository Writing'!H57 -> 7 | W44: =U44 -> 7 | X44: =SUM(G44+L44+O44+T44+W44) -> 53 | Y44: =SUMIF($E$12:$V$12,$Y$11,E44:V44) -> 26 | Z44: =SUMIF($E$12:$V$12,$Z$11,E44:V44) -> 11 | AA44: =SUMIF($E$12:$V$12,$AA$11,E44:V44) -> 16 | AB44: =IFERROR(IF(Y44/$Y$12*100>=50,"Y","N"),0) -> Y | AC44: =IFERROR(IF(Z44/$Z$12*100>=50,"Y","N"),0) -> Y | AD44: =IFERROR(IF(AA44/$AA$12*100>=50,"Y","N"),0) -> Y | AE44: =Y44/50*100 -> 52 | AF44: =Z44/20*100 -> 55 | AG44: =AA44/30*100 -> 53.333333
C45: ='[7]Expository Writing'!A58 -> 2023-IT-60 | D45: ='[7]Expository Writing'!B58 -> Mughees Ahmad | E45: ='[7]Expository Writing'!D58 -> 4 | G45: =E45 -> 4 | H45: 4 | I45: 6 | L45: ='[7]Expository Writing'!E58 -> 10 | M45: ='[7]Expository Writing'!F58 -> 6 | O45: =M45 -> 6 | P45: 6 | Q45: 18 | T45: ='[7]Expository Writing'!G58 -> 24 | U45: ='[7]Expository Writing'!H58 -> 6 | W45: =U45 -> 6 | X45: =SUM(G45+L45+O45+T45+W45) -> 50 | Y45: =SUMIF($E$12:$V$12,$Y$11,E45:V45) -> 28 | Z45: =SUMIF($E$12:$V$12,$Z$11,E45:V45) -> 10 | AA45: =SUMIF($E$12:$V$12,$AA$11,E45:V45) -> 12 | AB45: =IFERROR(IF(Y45/$Y$12*100>=50,"Y","N"),0) -> Y | AC45: =IFERROR(IF(Z45/$Z$12*100>=50,"Y","N"),0) -> Y | AD45: =IFERROR(IF(AA45/$AA$12*100>=50,"Y","N"),0) -> N | AE45: =Y45/50*100 -> 56 | AF45: =Z45/20*100 -> 50 | AG45: =AA45/30*100 -> 40
C46: ='[7]Expository Writing'!A59 -> 2023-IT-62 | D46: ='[7]Expository Writing'!B59 -> Muhammad Azeem | E46: ='[7]Expository Writing'!D59 -> 6 | G46: =E46 -> 6 | H46: 4 | I46: 8 | L46: ='[7]Expository Writing'!E59 -> 12 | M46: ='[7]Expository Writing'!F59 -> 6 | O46: =M46 -> 6 | P46: 8 | Q46: 18 | T46: ='[7]Expository Writing'!G59 -> 26 | U46: ='[7]Expository Writing'!H59 -> 6 | W46: =U46 -> 6 | X46: =SUM(G46+L46+O46+T46+W46) -> 56 | Y46: =SUMIF($E$12:$V$12,$Y$11,E46:V46) -> 32 | Z46: =SUMIF($E$12:$V$12,$Z$11,E46:V46) -> 10 | AA46: =SUMIF($E$12:$V$12,$AA$11,E46:V46) -> 14 | AB46: =IFERROR(IF(Y46/$Y$12*100>=50,"Y","N"),0) -> Y | AC46: =IFERROR(IF(Z46/$Z$12*100>=50,"Y","N"),0) -> Y | AD46: =IFERROR(IF(AA46/$AA$12*100>=50,"Y","N"),0) -> N | AE46: =Y46/50*100 -> 64 | AF46: =Z46/20*100 -> 50 | AG46: =AA46/30*100 -> 46.666667
C47: ='[7]Expository Writing'!A60 -> 2023-IT-64 | D47: ='[7]Expository Writing'!B60 -> Abdul Ahad | E47: ='[7]Expository Writing'!D60 -> 0 | G47: =E47 -> 0 | H47: 0 | I47: 0 | L47: ='[7]Expository Writing'!E60 -> 0 | M47: ='[7]Expository Writing'!F60 -> 0 | O47: =M47 -> 0 | P47: 0 | Q47: 0 | T47: ='[7]Expository Writing'!G60 -> 0 | U47: ='[7]Expository Writing'!H60 -> 0 | W47: =U47 -> 0 | X47: =SUM(G47+L47+O47+T47+W47) -> 0 | Y47: =SUMIF($E$12:$V$12,$Y$11,E47:V47) -> 0 | Z47: =SUMIF($E$12:$V$12,$Z$11,E47:V47) -> 0 | AA47: =SUMIF($E$12:$V$12,$AA$11,E47:V47) -> 0 | AB47: =IFERROR(IF(Y47/$Y$12*100>=50,"Y","N"),0) -> N | AC47: =IFERROR(IF(Z47/$Z$12*100>=50,"Y","N"),0) -> N | AD47: =IFERROR(IF(AA47/$AA$12*100>=50,"Y","N"),0) -> N | AE47: =Y47/50*100 -> 0 | AF47: =Z47/20*100 -> 0 | AG47: =AA47/30*100 -> 0
... C56: ='[7]Expository Writing'!A69 -> 2023-IT-80 | D56: ='[7]Expository Writing'!B69 -> Ali Raza | E56: ='[7]Expository Writing'!D69 -> 5 | G56: =E56 -> 5 | H56: 7 | I56: 10 | L56: ='[7]Expository Writing'!E69 -> 17 | M56: ='[7]Expository Writing'!F69 -> 4 | O56: =M56 -> 4 | P56: 10 | Q56: 16 | T56: ='[7]Expository Writing'!G69 -> 26 | U56: ='[7]Expository Writing'!H69 -> 6 | W56: =U56 -> 6 | X56: =SUM(G56+L56+O56+T56+W56) -> 58 | Y56: =SUMIF($E$12:$V$12,$Y$11,E56:V56) -> 31 | Z56: =SUMIF($E$12:$V$12,$Z$11,E56:V56) -> 13 | AA56: =SUMIF($E$12:$V$12,$AA$11,E56:V56) -> 14 | AB56: =IFERROR(IF(Y56/$Y$12*100>=50,"Y","N"),0) -> Y | AC56: =IFERROR(IF(Z56/$Z$12*100>=50,"Y","N"),0) -> Y | AD56: =IFERROR(IF(AA56/$AA$12*100>=50,"Y","N"),0) -> N | AE56: =Y56/50*100 -> 62 | AF56: =Z56/20*100 -> 65 | AG56: =AA56/30*100 -> 46.666667
C57: No. of Std achieve PLO | F57: =Y11 -> PLO1 | G57: =COUNTIF($AB$13:$AB$55,"Y") -> 25 | H57: =COUNTIF($AB$13:$AB$55,"N") -> 18 | AE57: =Y57/50*100 -> 0 | AF57: =Z57/20*100 -> 0 | AG57: =AA57/30*100 -> 0
F58: =Z11 -> PLO2 | G58: =COUNTIF($AC$13:$AC$55,"Y") -> 29 | H58: =COUNTIF($AC$13:$AC$55,"N") -> 14 | AE58: =Y58/50*100 -> 0 | AF58: =Z58/20*100 -> 0 | AG58: =AA58/30*100 -> 0
F59: =AA11 -> PLO3 | G59: =COUNTIF($AD$13:$AD$55,"Y") -> 18 | H59: =COUNTIF($AD$13:$AD$55,"N") -> 25 | AE59: =Y59/50*100 -> 0 | AF59: =Z59/20*100 -> 0 | AG59: =AA59/30*100 -> 0
A60: 9 | B60: 1603-2017 | AE60: =Y60/50*100 -> 0 | AF60: =Z60/20*100 -> 0 | AG60: =AA60/30*100 -> 0
A61: 10 | B61: 1272-2017 | AE61: =Y61/50*100 -> 0 | AF61: =Z61/20*100 -> 0 | AG61: =AA61/30*100 -> 0
A62: 11 | B62: 1225-2017 | AE62: =Y62/50*100 -> 0 | AF62: =Z62/20*100 -> 0 | AG62: =AA62/30*100 -> 0
A63: 12 | B63: 1186-2017 | AE63: =Y63/50*100 -> 0 | AF63: =Z63/20*100 -> 0 | AG63: =AA63/30*100 -> 0
A64: 13 | B64: 1222-2017 | AE64: =Y64/50*100 -> 0 | AF64: =Z64/20*100 -> 0 | AG64: =AA64/30*100 -> 0
A65: 14 | B65: 1198-2017 | AE65: =Y65/50*100 -> 0 | AF65: =Z65/20*100 -> 0 | AG65: =AA65/30*100 -> 0
A66: 15 | B66: 1426-2017 | AE66: =Y66/50*100 -> 0 | AF66: =Z66/20*100 -> 0 | AG66: =AA66/30*100 -> 0
A67: 16 | B67: 1294-2017 | AE67: =Y67/50*100 -> 0 | AF67: =Z67/20*100 -> 0 | AG67: =AA67/30*100 -> 0
A68: 17 | B68: 1609-2017 | AE68: =Y68/50*100 -> 0 | AF68: =Z68/20*100 -> 0 | AG68: =AA68/30*100 -> 0
A69: 18 | B69: 945-2017 | AE69: =Y69/50*100 -> 0 | AF69: =Z69/20*100 -> 0 | AG69: =AA69/30*100 -> 0
A70: 19 | B70: 1196-2017 | AE70: =Y70/50*100 -> 0 | AF70: =Z70/20*100 -> 0 | AG70: =AA70/30*100 -> 0
A71: 20 | B71: 947-2017 | AE71: =Y71/50*100 -> 0 | AF71: =Z71/20*100 -> 0 | AG71: =AA71/30*100 -> 0
A72: 21 | B72: 949-2017 | AE72: =Y72/50*100 -> 0 | AF72: =Z72/20*100 -> 0 | AG72: =AA72/30*100 -> 0
A73: 22 | B73: 1168-2017 | F73: Teacher Incharge Signature | V73: Incharge Department Signature | AE73: =Y73/50*100 -> 0 | AF73: =Z73/20*100 -> 0 | AG73: =AA73/30*100 -> 0
A74: 23 | B74: 1197-2017 | F74: =J5 -> Name: M. Amir Khan | V74: (Engr.Dr. Muhammad Shahzad) | AE74: =Y74/50*100 -> 0 | AF74: =Z74/20*100 -> 0 | AG74: =AA74/30*100 -> 0
A75: 24 | B75: 1273-2017 | AE75: =Y75/50*100 -> 0 | AF75: =Z75/20*100 -> 0 | AG75: =AA75/30*100 -> 0
A76: 25 | B76: 1194-2017 | AE76: =Y76/50*100 -> 0 | AF76: =Z76/20*100 -> 0 | AG76: =AA76/30*100 -> 0
A77: 26 | B77: 1271-2017 | AE77: =Y77/50*100 -> 0 | AF77: =Z77/20*100 -> 0 | AG77: =AA77/30*100 -> 0

Sheet Islamic Studies 2
C1: MNS - UNIVERSITY OF ENGINEERING AND TECHNOLOGY MULTAN
C2: Department of Computer Science
C3: Program: | D3: BS Information Technology | H3: Semester: | J3: 2nd Semester
C4: Session: | D4: Fall 2023 (Evening) Section-A | J4: Spring 2024
C5: Course: | D5: ='[8]Islamic Studies'!B5 -> Title (Code): Islamic Studies (ISL-126) | H5: Instructor: | J5: ='[8]Islamic Studies'!H5 -> Name: Abdul Nasir Zamir
D6: Credit Hours: 2 | E6: Theory
A7: OBE Assessment | E7: CLO1 | F7: CLO2 | G7: CLO3 | H7: CLO4 | I7: CLO5 | J7: CLO6 | K7: CLO7 | L7: CLO8 | M7: CLO9 | N7: CLO10 | O7: Total | P7: PLO1 | Q7: PLO2 | R7: PLO3 | S7: PLO4 | T7: PLO5 | U7: PLO6 | V7: PLO7 | W7: PLO8 | X7: PLO9 | Y7: PLO10 | Z7: Total
E8: {=TRANSPOSE(_xlfn._xlws.FILTER('[8]CLO & PLO'!K1:K10,'Islamic Studies 2'!E7='[8]CLO & PLO'!A1))} -> 40 | F8: 30 | G8: 30 | H8: 0 | I8: 0 | J8: 0 | K8: 0 | L8: 0 | M8: 0 | N8: 0 | O8: =SUM(E8:N8) -> 100 | P8: {=TRANSPOSE( _xlfn._xlws.FILTER('[8]CLO & PLO'!X1:X10,'[8]CLO & PLO'!N1='Islamic Studies 2'!P7))} -> 100 | Q8: 0 | R8: 0 | S8: 0 | T8: 0 | U8: 0 | V8: 0 | W8: 0 | X8: 0 | Y8: 0 | Z8: =SUM(P8:X8) -> 100
A9: S# | B9: CMS ID | C9: Assessment Tool ―→ | E9: Quiz1 | H9: Mid | M9: QuizII | P9: Final | U9: C.P | X9: Total | Y9: PLO Assessment | AB9: PLO Achieved
C10: Marks | E10: 10 | G10: =SUM(C10:F10) -> 10 | H10: 10 | I10: 20 | L10: =SUM(H10:K10) -> 30 | M10: 10 | O10: =SUM(M10:N10) -> 10 | P10: 20 | Q10: 20 | T10: =SUM(P10:S10) -> 40 | U10: 10 | W10: =SUM(U10:V10) -> 10 | X10: =G10+L10+O10+T10+W10 -> 100
C11: Target CLO | E11: CLO1 | G11: Total | H11: CLO1 | I11: CLO2 | L11: Total | M11: CLO3 | O11: Total | P11: CLO1 | Q11: CLO3 | T11: Total | U11: CLO2 | W11: Total | Y11: PLO1 | Z11: PLO2 | AA11: PLO3 | AB11: =Y11 -> PLO1 | AC11: =Z11 -> PLO2 | AD11: =AA11 -> PLO3
C12: Registration No | D12: Target PLO | E12: PLO1 | H12: PLO1 | I12: PLO1 | M12: PLO1 | P12: PLO1 | Q12: PLO1 | U12: PLO1 | Y12: {=IFERROR(_xlfn._xlws.FILTER(_xlfn.ANCHORARRAY(P8),Y11=$P$7:$Y$7),0)} -> 100 | Z12: {=IFERROR(_xlfn._xlws.FILTER(_xlfn.ANCHORARRAY(P8),Z11=$P$7:$Y$7),0)} -> 0 | AA12: {=IFERROR(_xlfn._xlws.FILTER(_xlfn.ANCHORARRAY(P8),AA11=$P$7:$Y$7),0)} -> 0 | AB12: {=IFERROR(_xlfn._xlws.FILTER(_xlfn.ANCHORARRAY(P8),AB11=$P$7:$Y$7),0)} -> 100 | AC12: {=IFERROR(_xlfn._xlws.FILTER(_xlfn.ANCHORARRAY(P8),AC11=$P$7:$Y$7),0)} -> 0 | AD12: {=IFERROR(_xlfn._xlws.FILTER(_xlfn.ANCHORARRAY(P8),AD11=$P$7:$Y$7),0)} -> 0
A13: 1 | B13: 917-2017 | C13: ='[8]Islamic Studies'!A26 -> 2023-IT-01 | D13: ='[8]Islamic Studies'!B26 -> Rahma Noor | E13: ='[8]Islamic Studies'!D26 -> 8 | G13: =E13 -> 8 | H13: 8 | I13: 14 | L13: ='[8]Islamic Studies'!E26 -> 22 | M13: ='[8]Islamic Studies'!F26 -> 10 | O13: =M13 -> 10 | P13: 15 | Q13: 15 | T13: ='[8]Islamic Studies'!G26 -> 30 | U13: ='[8]Islamic Studies'!H26 -> 9 | W13: =U13 -> 9 | X13: =SUM(G13+L13+O13+T13+W13) -> 79 | Y13: =SUMIF($E$12:$V$12,$Y$11,E13:V13) -> 79 | Z13: =SUMIF($E$12:$V$12,$Z$11,E13:V13) -> 0 | AA13: =SUMIF($E$12:$V$12,$AA$11,E13:V13) -> 0 | AB13: =IFERROR(IF(Y13/$Y$12*100>=50,"Y","N"),0) -> Y | AC13: =IFERROR(IF(Z13/$Z$12*100>=50,"Y","N"),0) -> 0 | AD13: =IFERROR(IF(AA13/$AA$12*100>=50,"Y","N"),0) -> 0
A14: 2 | B14: 918-2017 | C14: ='[8]Islamic Studies'!A27 -> 2023-IT-02 | D14: ='[8]Islamic Studies'!B27 -> Alishba Manzoor | E14: ='[8]Islamic Studies'!D27 -> 7 | G14: =E14 -> 7 | H14: 10 | I14: 12 | L14: ='[8]Islamic Studies'!E27 -> 22 | M14: ='[8]Islamic Studies'!F27 -> 9 | O14: =M14 -> 9 | P14: 14 | Q14: 16 | T14: ='[8]Islamic Studies'!G27 -> 30 | U14: ='[8]Islamic Studies'!H27 -> 8 | W14: =U14 -> 8 | X14: =SUM(G14+L14+O14+T14+W14) -> 76 | Y14: =SUMIF($E$12:$V$12,$Y$11,E14:V14) -> 76 | Z14: =SUMIF($E$12:$V$12,$Z$11,E14:V14) -> 0 | AA14: =SUMIF($E$12:$V$12,$AA$11,E14:V14) -> 0 | AB14: =IFERROR(IF(Y14/$Y$12*100>=50,"Y","N"),0) -> Y | AC14: =IFERROR(IF(Z14/$Z$12*100>=50,"Y","N"),0) -> 0 | AD14: =IFERROR(IF(AA14/$AA$12*100>=50,"Y","N"),0) -> 0
A15: 3 | B15: 919-2017 | C15: ='[8]Islamic Studies'!A28 -> 2023-IT-03 | D15: ='[8]Islamic Studies'!B28 -> Maheen Fatima | E15: ='[8]Islamic Studies'!D28 -> 8 | G15: =E15 -> 8 | H15: 9 | I15: 11 | L15: ='[8]Islamic Studies'!E28 -> 21 | M15: ='[8]Islamic Studies'!F28 -> 9 | O15: =M15 -> 9 | P15: 14 | Q15: 10 | T15: ='[8]Islamic Studies'!G28 -> 24 | U15: ='[8]Islamic Studies'!H28 -> 7 | W15: =U15 -> 7 | X15: =SUM(G15+L15+O15+T15+W15) -> 69 | Y15: =SUMIF($E$12:$V$12,$Y$11,E15:V15) -> 68 | Z15: =SUMIF($E$12:$V$12,$Z$11,E15:V15) -> 0 | AA15: =SUMIF($E$12:$V$12,$AA$11,E15:V15) -> 0 | AB15: =IFERROR(IF(Y15/$Y$12*100>=50,"Y","N"),0) -> Y | AC15: =IFERROR(IF(Z15/$Z$12*100>=50,"Y","N"),0) -> 0 | AD15: =IFERROR(IF(AA15/$AA$12*100>=50,"Y","N"),0) -> 0
A16: 4 | B16: 921-2017 | C16: ='[8]Islamic Studies'!A29 -> 2023-IT-04 | D16: ='[8]Islamic Studies'!B29 -> Aneela | E16: ='[8]Islamic Studies'!D29 -> 10 | G16: =E16 -> 10 | H16: 8 | I16: 12 | L16: ='[8]Islamic Studies'!E29 -> 20 | M16: ='[8]Islamic Studies'!F29 -> 10 | O16: =M16 -> 10 | P16: 13 | Q16: 17 | T16: ='[8]Islamic Studies'!G29 -> 30 | U16: ='[8]Islamic Studies'!H29 -> 8 | W16: =U16 -> 8 | X16: =SUM(G16+L16+O16+T16+W16) -> 78 | Y16: =SUMIF($E$12:$V$12,$Y$11,E16:V16) -> 78 | Z16: =SUMIF($E$12:$V$12,$Z$11,E16:V16) -> 0 | AA16: =SUMIF($E$12:$V$12,$AA$11,E16:V16) -> 0 | AB16: =IFERROR(IF(Y16/$Y$12*100>=50,"Y","N"),0) -> Y | AC16: =IFERROR(IF(Z16/$Z$12*100>=50,"Y","N"),0) -> 0 | AD16: =IFERROR(IF(AA16/$AA$12*100>=50,"Y","N"),0) -> 0
A17: 5 | B17: 922-2017 | C17: ='[8]Islamic Studies'!A30 -> 2023-IT-05 | D17: ='[8]Islamic Studies'!B30 -> Alishba Saleem | E17: ='[8]Islamic Studies'!D30 -> 8 | G17: =E17 -> 8 | H17: 8 | I17: 12 | L17: ='[8]Islamic Studies'!E30 -> 20 | M17: ='[8]Islamic Studies'!F30 -> 8 | O17: =M17 -> 8 | P17: 8 | Q17: 20 | T17: ='[8]Islamic Studies'!G30 -> 28 | U17: ='[8]Islamic Studies'!H30 -> 8 | W17: =U17 -> 8 | X17: =SUM(G17+L17+O17+T17+W17) -> 72 | Y17: =SUMIF($E$12:$V$12,$Y$11,E17:V17) -> 72 | Z17: =SUMIF($E$12:$V$12,$Z$11,E17:V17) -> 0 | AA17: =SUMIF($E$12:$V$12,$AA$11,E17:V17) -> 0 | AB17: =IFERROR(IF(Y17/$Y$12*100>=50,"Y","N"),0) -> Y | AC17: =IFERROR(IF(Z17/$Z$12*100>=50,"Y","N"),0) -> 0 | AD17: =IFERROR(IF(AA17/$AA$12*100>=50,"Y","N"),0) -> 0
A18: 6 | B18: 923-2017 | C18: ='[8]Islamic Studies'!A31 -> 2023-IT-06 | D18: ='[8]Islamic Studies'!B31 -> Mehak Asghar | E18: ='[8]Islamic Studies'!D31 -> 8 | G18: =E18 -> 8 | H18: 9 | I18: 11 | L18: ='[8]Islamic Studies'!E31 -> 21 | M18: ='[8]Islamic Studies'!F31 -> 10 | O18: =M18 -> 10 | P18: 12 | Q18: 20 | T18: ='[8]Islamic Studies'!G31 -> 32 | U18: ='[8]Islamic Studies'!H31 -> 10 | W18: =U18 -> 10 | X18: =SUM(G18+L18+O18+T18+W18) -> 81 | Y18: =SUMIF($E$12:$V$12,$Y$11,E18:V18) -> 80 | Z18: =SUMIF($E$12:$V$12,$Z$11,E18:V18) -> 0 | AA18: =SUMIF($E$12:$V$12,$AA$11,E18:V18) -> 0 | AB18: =IFERROR(IF(Y18/$Y$12*100>=50,"Y","N"),0) -> Y | AC18: =IFERROR(IF(Z18/$Z$12*100>=50,"Y","N"),0) -> 0 | AD18: =IFERROR(IF(AA18/$AA$12*100>=50,"Y","N"),0) -> 0
A19: 7 | B19: 1144-2017 | C19: ='[8]Islamic Studies'!A32 -> 2023-IT-07 | D19: ='[8]Islamic Studies'!B32 -> Humaira Afzal | E19: ='[8]Islamic Studies'!D32 -> 9 | G19: =E19 -> 9 | H19: 10 | I19: 12 | L19: ='[8]Islamic Studies'!E32 -> 22 | M19: ='[8]Islamic Studies'!F32 -> 9 | O19: =M19 -> 9 | P19: 14 | Q19: 18 | T19: ='[8]Islamic Studies'!G32 -> 32 | U19: ='[8]Islamic Studies'!H32 -> 8 | W19: =U19 -> 8 | X19: =SUM(G19+L19+O19+T19+W19) -> 80 | Y19: =SUMIF($E$12:$V$12,$Y$11,E19:V19) -> 80 | Z19: =SUMIF($E$12:$V$12,$Z$11,E19:V19) -> 0 | AA19: =SUMIF($E$12:$V$12,$AA$11,E19:V19) -> 0 | AB19: =IFERROR(IF(Y19/$Y$12*100>=50,"Y","N"),0) -> Y | AC19: =IFERROR(IF(Z19/$Z$12*100>=50,"Y","N"),0) -> 0 | AD19: =IFERROR(IF(AA19/$AA$12*100>=50,"Y","N"),0) -> 0
A20: 10 | B20: 932-2017 | C20: ='[8]Islamic Studies'!A33 -> 2023-IT-08 | D20: ='[8]Islamic Studies'!B33 -> Saleena Khan | E20: ='[8]Islamic Studies'!D33 -> 0 | G20: =E20 -> 0 | H20: 0 | I20: 0 | L20: ='[8]Islamic Studies'!E33 -> 0 | M20: ='[8]Islamic Studies'!F33 -> 0 | O20: =M20 -> 0 | P20: 0 | Q20: 0 | T20: ='[8]Islamic Studies'!G33 -> 0 | U20: ='[8]Islamic Studies'!H33 -> 0 | W20: =U20 -> 0 | X20: =SUM(G20+L20+O20+T20+W20) -> 0 | Y20: =SUMIF($E$12:$V$12,$Y$11,E20:V20) -> 0 | Z20: =SUMIF($E$12:$V$12,$Z$11,E20:V20) -> 0 | AA20: =SUMIF($E$12:$V$12,$AA$11,E20:V20) -> 0 | AB20: =IFERROR(IF(Y20/$Y$12*100>=50,"Y","N"),0) -> N | AC20: =IFERROR(IF(Z20/$Z$12*100>=50,"Y","N"),0) -> 0 | AD20: =IFERROR(IF(AA20/$AA$12*100>=50,"Y","N"),0) -> 0
A21: 11 | B21: 1169-2017 | C21: ='[8]Islamic Studies'!A34 -> 2023-IT-10 | D21: ='[8]Islamic Studies'!B34 -> Asad Ullah | E21: ='[8]Islamic Studies'!D34 -> 7 | G21: =E21 -> 7 | H21: 7 | I21: 8 | L21: ='[8]Islamic Studies'!E34 -> 15 | M21: ='[8]Islamic Studies'!F34 -> 7 | O21: =M21 -> 7 | P21: 10 | Q21: 14 | T21: ='[8]Islamic Studies'!G34 -> 24 | U21: ='[8]Islamic Studies'!H34 -> 9 | W21: =U21 -> 9 | X21: =SUM(G21+L21+O21+T21+W21) -> 62 | Y21: =SUMIF($E$12:$V$12,$Y$11,E21:V21) -> 62 | Z21: =SUMIF($E$12:$V$12,$Z$11,E21:V21) -> 0 | AA21: =SUMIF($E$12:$V$12,$AA$11,E21:V21) -> 0 | AB21: =IFERROR(IF(Y21/$Y$12*100>=50,"Y","N"),0) -> Y | AC21: =IFERROR(IF(Z21/$Z$12*100>=50,"Y","N"),0) -> 0 | AD21: =IFERROR(IF(AA21/$AA$12*100>=50,"Y","N"),0) -> 0
A22: 12 | B22: 1068-2017 | C22: ='[8]Islamic Studies'!A35 -> 2023-IT-11 | D22: ='[8]Islamic Studies'!B35 -> Rana Talha dawood | E22: ='[8]Islamic Studies'!D35 -> 7 | G22: =E22 -> 7 | H22: 7 | I22: 8 | L22: ='[8]Islamic Studies'!E35 -> 15 | M22: ='[8]Islamic Studies'!F35 -> 7 | O22: =M22 -> 7 | P22: 8 | Q22: 18 | T22: ='[8]Islamic Studies'!G35 -> 26 | U22: ='[8]Islamic Studies'!H35 -> 8 | W22: =U22 -> 8 | X22: =SUM(G22+L22+O22+T22+W22) -> 63 | Y22: =SUMIF($E$12:$V$12,$Y$11,E22:V22) -> 63 | Z22: =SUMIF($E$12:$V$12,$Z$11,E22:V22) -> 0 | AA22: =SUMIF($E$12:$V$12,$AA$11,E22:V22) -> 0 | AB22: =IFERROR(IF(Y22/$Y$12*100>=50,"Y","N"),0) -> Y | AC22: =IFERROR(IF(Z22/$Z$12*100>=50,"Y","N"),0) -> 0 | AD22: =IFERROR(IF(AA22/$AA$12*100>=50,"Y","N"),0) -> 0
A23: 13 | B23: 933-2017 | C23: ='[8]Islamic Studies'!A36 -> 2023-IT-12 | D23: ='[8]Islamic Studies'!B36 -> Ali Ahmad | E23: ='[8]Islamic Studies'!D36 -> 8 | G23: =E23 -> 8 | H23: 10 | I23: 11 | L23: ='[8]Islamic Studies'!E36 -> 21 | M23: ='[8]Islamic Studies'!F36 -> 7 | O23: =M23 -> 7 | P23: 14 | Q23: 18 | T23: ='[8]Islamic Studies'!G36 -> 32 | U23: ='[8]Islamic Studies'!H36 -> 7 | W23: =U23 -> 7 | X23: =SUM(G23+L23+O23+T23+W23) -> 75 | Y23: =SUMIF($E$12:$V$12,$Y$11,E23:V23) -> 75 | Z23: =SUMIF($E$12:$V$12,$Z$11,E23:V23) -> 0 | AA23: =SUMIF($E$12:$V$12,$AA$11,E23:V23) -> 0 | AB23: =IFERROR(IF(Y23/$Y$12*100>=50,"Y","N"),0) -> Y | AC23: =IFERROR(IF(Z23/$Z$12*100>=50,"Y","N"),0) -> 0 | AD23: =IFERROR(IF(AA23/$AA$12*100>=50,"Y","N"),0) -> 0
A24: 14 | B24: 934-2017 | C24: ='[8]Islamic Studies'!A37 -> 2023-IT-13 | D24: ='[8]Islamic Studies'!B37 -> Muhammad Daud | E24: ='[8]Islamic Studies'!D37 -> 7 | G24: =E24 -> 7 | H24: 8 | I24: 10 | L24: ='[8]Islamic Studies'!E37 -> 18 | M24: ='[8]Islamic Studies'!F37 -> 9 | O24: =M24 -> 9 | P24: 10 | Q24: 14 | T24: ='[8]Islamic Studies'!G37 -> 24 | U24: ='[8]Islamic Studies'!H37 -> 8 | W24: =U24 -> 8 | X24: =SUM(G24+L24+O24+T24+W24) -> 66 | Y24: =SUMIF($E$12:$V$12,$Y$11,E24:V24) -> 66 | Z24: =SUMIF($E$12:$V$12,$Z$11,E24:V24) -> 0 | AA24: =SUMIF($E$12:$V$12,$AA$11,E24:V24) -> 0 | AB24: =IFERROR(IF(Y24/$Y$12*100>=50,"Y","N"),0) -> Y | AC24: =IFERROR(IF(Z24/$Z$12*100>=50,"Y","N"),0) -> 0 | AD24: =IFERROR(IF(AA24/$AA$12*100>=50,"Y","N"),0) -> 0
... A35: 28 | B35: 954-2017 | C35: ='[8]Islamic Studies'!A48 -> 2023-IT-38 | D35: ='[8]Islamic Studies'!B48 -> Sherzaman Bukhari | E35: ='[8]Islamic Studies'!D48 -> 8 | G35: =E35 -> 8 | H35: 7 | I35: 9 | L35: ='[8]Islamic Studies'!E48 -> 16 | M35: ='[8]Islamic Studies'!F48 -> 8 | O35: =M35 -> 8 | P35: 10 | Q35: 15 | T35: ='[8]Islamic Studies'!G48 -> 25 | U35: ='[8]Islamic Studies'!H48 -> 8 | W35: =U35 -> 8 | X35: =SUM(G35+L35+O35+T35+W35) -> 65 | Y35: =SUMIF($E$12:$V$12,$Y$11,E35:V35) -> 65 | Z35: =SUMIF($E$12:$V$12,$Z$11,E35:V35) -> 0 | AA35: =SUMIF($E$12:$V$12,$AA$11,E35:V35) -> 0 | AB35: =IFERROR(IF(Y35/$Y$12*100>=50,"Y","N"),0) -> Y | AC35: =IFERROR(IF(Z35/$Z$12*100>=50,"Y","N"),0) -> 0 | AD35: =IFERROR(IF(AA35/$AA$12*100>=50,"Y","N"),0) -> 0
C36: ='[8]Islamic Studies'!A49 -> 2023-IT-40 | D36: ='[8]Islamic Studies'!B49 -> Ahmad Raza Shareef | E36: ='[8]Islamic Studies'!D49 -> 7 | G36: =E36 -> 7 | H36: 8 | I36: 14 | L36: ='[8]Islamic Studies'!E49 -> 22 | M36: ='[8]Islamic Studies'!F49 -> 9 | O36: =M36 -> 9 | P36: 8 | Q36: 20 | T36: ='[8]Islamic Studies'!G49 -> 28 | U36: ='[8]Islamic Studies'!H49 -> 7 | W36: =U36 -> 7 | X36: =SUM(G36+L36+O36+T36+W36) -> 73 | Y36: =SUMIF($E$12:$V$12,$Y$11,E36:V36) -> 73 | Z36: =SUMIF($E$12:$V$12,$Z$11,E36:V36) -> 0 | AA36: =SUMIF($E$12:$V$12,$AA$11,E36:V36) -> 0 | AB36: =IFERROR(IF(Y36/$Y$12*100>=50,"Y","N"),0) -> Y | AC36: =IFERROR(IF(Z36/$Z$12*100>=50,"Y","N"),0) -> 0 | AD36: =IFERROR(IF(AA36/$AA$12*100>=50,"Y","N"),0) -> 0
C37: ='[8]Islamic Studies'!A50 -> 2023-IT-41 | D37: ='[8]Islamic Studies'!B50 -> Anas Noor | E37: ='[8]Islamic Studies'!D50 -> 0 | G37: =E37 -> 0 | H37: 9 | I37: 12 | L37: ='[8]Islamic Studies'!E50 -> 21 | M37: ='[8]Islamic Studies'!F50 -> 0 | O37: =M37 -> 0 | P37: 0 | Q37: 0 | T37: ='[8]Islamic Studies'!G50 -> 0 | U37: ='[8]Islamic Studies'!H50 -> 0 | W37: =U37 -> 0 | X37: =SUM(G37+L37+O37+T37+W37) -> 21 | Y37: =SUMIF($E$12:$V$12,$Y$11,E37:V37) -> 21 | Z37: =SUMIF($E$12:$V$12,$Z$11,E37:V37) -> 0 | AA37: =SUMIF($E$12:$V$12,$AA$11,E37:V37) -> 0 | AB37: =IFERROR(IF(Y37/$Y$12*100>=50,"Y","N"),0) -> N | AC37: =IFERROR(IF(Z37/$Z$12*100>=50,"Y","N"),0) -> 0 | AD37: =IFERROR(IF(AA37/$AA$12*100>=50,"Y","N"),0) -> 0
C38: ='[8]Islamic Studies'!A51 -> 2023-IT-42 | D38: ='[8]Islamic Studies'!B51 -> Muhammad Moosa Bhatti | E38: ='[8]Islamic Studies'!D51 -> 8 | G38: =E38 -> 8 | H38: 8 | I38: 12 | L38: ='[8]Islamic Studies'!E51 -> 20 | M38: ='[8]Islamic Studies'!F51 -> 9 | O38: =M38 -> 9 | P38: 10 | Q38: 19 | T38: ='[8]Islamic Studies'!G51 -> 29 | U38: ='[8]Islamic Studies'!H51 -> 7 | W38: =U38 -> 7 | X38: =SUM(G38+L38+O38+T38+W38) -> 73 | Y38: =SUMIF($E$12:$V$12,$Y$11,E38:V38) -> 73 | Z38: =SUMIF($E$12:$V$12,$Z$11,E38:V38) -> 0 | AA38: =SUMIF($E$12:$V$12,$AA$11,E38:V38) -> 0 | AB38: =IFERROR(IF(Y38/$Y$12*100>=50,"Y","N"),0) -> Y | AC38: =IFERROR(IF(Z38/$Z$12*100>=50,"Y","N"),0) -> 0 | AD38: =IFERROR(IF(AA38/$AA$12*100>=50,"Y","N"),0) -> 0
C39: ='[8]Islamic Studies'!A52 -> 2023-IT-44 | D39: ='[8]Islamic Studies'!B52 -> Muhammad Nouman Aslam | E39: ='[8]Islamic Studies'!D52 -> 7 | G39: =E39 -> 7 | H39: 10 | I39: 14 | L39: ='[8]Islamic Studies'!E52 -> 24 | M39: ='[8]Islamic Studies'!F52 -> 10 | O39: =M39 -> 10 | P39: 10 | Q39: 19 | T39: ='[8]Islamic Studies'!G52 -> 29 | U39: ='[8]Islamic Studies'!H52 -> 7 | W39: =U39 -> 7 | X39: =SUM(G39+L39+O39+T39+W39) -> 77 | Y39: =SUMIF($E$12:$V$12,$Y$11,E39:V39) -> 77 | Z39: =SUMIF($E$12:$V$12,$Z$11,E39:V39) -> 0 | AA39: =SUMIF($E$12:$V$12,$AA$11,E39:V39) -> 0 | AB39: =IFERROR(IF(Y39/$Y$12*100>=50,"Y","N"),0) -> Y | AC39: =IFERROR(IF(Z39/$Z$12*100>=50,"Y","N"),0) -> 0 | AD39: =IFERROR(IF(AA39/$AA$12*100>=50,"Y","N"),0) -> 0
C40: ='[8]Islamic Studies'!A53 -> 2023-IT-46 | D40: ='[8]Islamic Studies'!B53 -> Muhammad Haseeb Anjum | E40: ='[8]Islamic Studies'!D53 -> 8 | G40: =E40 -> 8 | H40: 10 | I40: 13 | L40: ='[8]Islamic Studies'!E53 -> 23 | M40: ='[8]Islamic Studies'!F53 -> 8 | O40: =M40 -> 8 | P40: 10 | Q40: 19 | T40: ='[8]Islamic Studies'!G53 -> 29 | U40: ='[8]Islamic Studies'!H53 -> 8 | W40: =U40 -> 8 | X40: =SUM(G40+L40+O40+T40+W40) -> 76 | Y40: =SUMIF($E$12:$V$12,$Y$11,E40:V40) -> 76 | Z40: =SUMIF($E$12:$V$12,$Z$11,E40:V40) -> 0 | AA40: =SUMIF($E$12:$V$12,$AA$11,E40:V40) -> 0 | AB40: =IFERROR(IF(Y40/$Y$12*100>=50,"Y","N"),0) -> Y | AC40: =IFERROR(IF(Z40/$Z$12*100>=50,"Y","N"),0) -> 0 | AD40: =IFERROR(IF(AA40/$AA$12*100>=50,"Y","N"),0) -> 0
C41: ='[8]Islamic Studies'!A54 -> 2023-IT-48 | D41: ='[8]Islamic Studies'!B54 -> Muhammad Arslan Waheed | E41: ='[8]Islamic Studies'!D54 -> 7 | G41: =E41 -> 7 | H41: 0 | I41: 0 | L41: ='[8]Islamic Studies'!E54 -> 0 | M41: ='[8]Islamic Studies'!F54 -> 8 | O41: =M41 -> 8 | P41: 12 | Q41: 16 | T41: ='[8]Islamic Studies'!G54 -> 28 | U41: ='[8]Islamic Studies'!H54 -> 7 | W41: =U41 -> 7 | X41: =SUM(G41+L41+O41+T41+W41) -> 50 | Y41: =SUMIF($E$12:$V$12,$Y$11,E41:V41) -> 50 | Z41: =SUMIF($E$12:$V$12,$Z$11,E41:V41) -> 0 | AA41: =SUMIF($E$12:$V$12,$AA$11,E41:V41) -> 0 | AB41: =IFERROR(IF(Y41/$Y$12*100>=50,"Y","N"),0) -> Y | AC41: =IFERROR(IF(Z41/$Z$12*100>=50,"Y","N"),0) -> 0 | AD41: =IFERROR(IF(AA41/$AA$12*100>=50,"Y","N"),0) -> 0
C42: ='[8]Islamic Studies'!A55 -> 2023-IT-50 | D42: ='[8]Islamic Studies'!B55 -> Hafiz Muhammad Hasnain Saif | E42: ='[8]Islamic Studies'!D55 -> 8 | G42: =E42 -> 8 | H42: 8 | I42: 12 | L42: ='[8]Islamic Studies'!E55 -> 20 | M42: ='[8]Islamic Studies'!F55 -> 10 | O42: =M42 -> 10 | P42: 1 | Q42: 2 | T42: ='[8]Islamic Studies'!G55 -> 3 | U42: ='[8]Islamic Studies'!H55 -> 8 | W42: =U42 -> 8 | X42: =SUM(G42+L42+O42+T42+W42) -> 49 | Y42: =SUMIF($E$12:$V$12,$Y$11,E42:V42) -> 49 | Z42: =SUMIF($E$12:$V$12,$Z$11,E42:V42) -> 0 | AA42: =SUMIF($E$12:$V$12,$AA$11,E42:V42) -> 0 | AB42: =IFERROR(IF(Y42/$Y$12*100>=50,"Y","N"),0) -> N | AC42: =IFERROR(IF(Z42/$Z$12*100>=50,"Y","N"),0) -> 0 | AD42: =IFERROR(IF(AA42/$AA$12*100>=50,"Y","N"),0) -> 0
C43: ='[8]Islamic Studies'!A56 -> 2023-IT-54 | D43: ='[8]Islamic Studies'!B56 -> Muhammad Zeeshan | E43: ='[8]Islamic Studies'!D56 -> 7 | G43: =E43 -> 7 | H43: 9 | I43: 10 | L43: ='[8]Islamic Studies'!E56 -> 19 | M43: ='[8]Islamic Studies'!F56 -> 10 | O43: =M43 -> 10 | P43: 15 | Q43: 17 | T43: ='[8]Islamic Studies'!G56 -> 32 | U43: ='[8]Islamic Studies'!H56 -> 10 | W43: =U43 -> 10 | X43: =SUM(G43+L43+O43+T43+W43) -> 78 | Y43: =SUMIF($E$12:$V$12,$Y$11,E43:V43) -> 78 | Z43: =SUMIF($E$12:$V$12,$Z$11,E43:V43) -> 0 | AA43: =SUMIF($E$12:$V$12,$AA$11,E43:V43) -> 0 | AB43: =IFERROR(IF(Y43/$Y$12*100>=50,"Y","N"),0) -> Y | AC43: =IFERROR(IF(Z43/$Z$12*100>=50,"Y","N"),0) -> 0 | AD43: =IFERROR(IF(AA43/$AA$12*100>=50,"Y","N"),0) -> 0
C44: ='[8]Islamic Studies'!A57 -> 2023-IT-56 | D44: ='[8]Islamic Studies'!B57 -> Muhammad Adeel | E44: ='[8]Islamic Studies'!D57 -> 9 | G44: =E44 -> 9 | H44: 8 | I44: 12 | L44: ='[8]Islamic Studies'!E57 -> 20 | M44: ='[8]Islamic Studies'!F57 -> 9 | O44: =M44 -> 9 | P44: 16 | Q44: 15 | T44: ='[8]Islamic Studies'!G57 -> 31 | U44: ='[8]Islamic Studies'!H57 -> 9 | W44: =U44 -> 9 | X44: =SUM(G44+L44+O44+T44+W44) -> 78 | Y44: =SUMIF($E$12:$V$12,$Y$11,E44:V44) -> 78 | Z44: =SUMIF($E$12:$V$12,$Z$11,E44:V44) -> 0 | AA44: =SUMIF($E$12:$V$12,$AA$11,E44:V44) -> 0 | AB44: =IFERROR(IF(Y44/$Y$12*100>=50,"Y","N"),0) -> Y | AC44: =IFERROR(IF(Z44/$Z$12*100>=50,"Y","N"),0) -> 0 | AD44: =IFERROR(IF(AA44/$AA$12*100>=50,"Y","N"),0) -> 0
C45: ='[8]Islamic Studies'!A58 -> 2023-IT-60 | D45: ='[8]Islamic Studies'!B58 -> Mughees Ahmad | E45: ='[8]Islamic Studies'!D58 -> 8 | G45: =E45 -> 8 | H45: 9 | I45: 10 | L45: ='[8]Islamic Studies'!E58 -> 19 | M45: ='[8]Islamic Studies'!F58 -> 9 | O45: =M45 -> 9 | P45: 16 | Q45: 10 | T45: ='[8]Islamic Studies'!G58 -> 26 | U45: ='[8]Islamic Studies'!H58 -> 8 | W45: =U45 -> 8 | X45: =SUM(G45+L45+O45+T45+W45) -> 70 | Y45: =SUMIF($E$12:$V$12,$Y$11,E45:V45) -> 70 | Z45: =SUMIF($E$12:$V$12,$Z$11,E45:V45) -> 0 | AA45: =SUMIF($E$12:$V$12,$AA$11,E45:V45) -> 0 | AB45: =IFERROR(IF(Y45/$Y$12*100>=50,"Y","N"),0) -> Y | AC45: =IFERROR(IF(Z45/$Z$12*100>=50,"Y","N"),0) -> 0 | AD45: =IFERROR(IF(AA45/$AA$12*100>=50,"Y","N"),0) -> 0
C46: ='[8]Islamic Studies'!A59 -> 2023-IT-62 | D46: ='[8]Islamic Studies'!B59 -> Muhammad Azeem | E46: ='[8]Islamic Studies'!D59 -> 7 | G46: =E46 -> 7 | H46: 6 | I46: 8 | L46: ='[8]Islamic Studies'!E59 -> 14 | M46: ='[8]Islamic Studies'!F59 -> 8 | O46: =M46 -> 8 | P46: 12 | Q46: 12 | T46: ='[8]Islamic Studies'!G59 -> 24 | U46: ='[8]Islamic Studies'!H59 -> 8 | W46: =U46 -> 8 | X46: =SUM(G46+L46+O46+T46+W46) -> 61 | Y46: =SUMIF($E$12:$V$12,$Y$11,E46:V46) -> 61 | Z46: =SUMIF($E$12:$V$12,$Z$11,E46:V46) -> 0 | AA46: =SUMIF($E$12:$V$12,$AA$11,E46:V46) -> 0 | AB46: =IFERROR(IF(Y46/$Y$12*100>=50,"Y","N"),0) -> Y | AC46: =IFERROR(IF(Z46/$Z$12*100>=50,"Y","N"),0) -> 0 | AD46: =IFERROR(IF(AA46/$AA$12*100>=50,"Y","N"),0) -> 0
C47: ='[8]Islamic Studies'!A60 -> 2023-IT-64 | D47: ='[8]Islamic Studies'!B60 -> Abdul Ahad | E47: ='[8]Islamic Studies'!D60 -> 0 | G47: =E47 -> 0 | H47: 0 | I47: 0 | L47: ='[8]Islamic Studies'!E60 -> 0 | M47: ='[8]Islamic Studies'!F60 -> 0 | O47: =M47 -> 0 | P47: 0 | Q47: 0 | T47: ='[8]Islamic Studies'!G60 -> 0 | U47: ='[8]Islamic Studies'!H60 -> 0 | W47: =U47 -> 0 | X47: =SUM(G47+L47+O47+T47+W47) -> 0 | Y47: =SUMIF($E$12:$V$12,$Y$11,E47:V47) -> 0 | Z47: =SUMIF($E$12:$V$12,$Z$11,E47:V47) -> 0 | AA47: =SUMIF($E$12:$V$12,$AA$11,E47:V47) -> 0 | AB47: =IFERROR(IF(Y47/$Y$12*100>=50,"Y","N"),0) -> N | AC47: =IFERROR(IF(Z47/$Z$12*100>=50,"Y","N"),0) -> 0 | AD47: =IFERROR(IF(AA47/$AA$12*100>=50,"Y","N"),0) -> 0
... C56: ='[8]Islamic Studies'!A69 -> 2023-IT-80 | D56: ='[8]Islamic Studies'!B69 -> Ali Raza | E56: ='[8]Islamic Studies'!D69 -> 8 | G56: =E56 -> 8 | H56: 8 | I56: 14 | L56: ='[8]Islamic Studies'!E69 -> 22 | M56: ='[8]Islamic Studies'!F69 -> 10 | O56: =M56 -> 10 | P56: 15 | Q56: 17 | T56: ='[8]Islamic Studies'!G69 -> 32 | U56: ='[8]Islamic Studies'!H69 -> 8 | W56: =U56 -> 8 | X56: =SUM(G56+L56+O56+T56+W56) -> 80 | Y56: =SUMIF($E$12:$V$12,$Y$11,E56:V56) -> 80 | Z56: =SUMIF($E$12:$V$12,$Z$11,E56:V56) -> 0 | AA56: =SUMIF($E$12:$V$12,$AA$11,E56:V56) -> 0 | AB56: =IFERROR(IF(Y56/$Y$12*100>=50,"Y","N"),0) -> Y | AC56: =IFERROR(IF(Z56/$Z$12*100>=50,"Y","N"),0) -> 0 | AD56: =IFERROR(IF(AA56/$AA$12*100>=50,"Y","N"),0) -> 0
C57: No. of Std achieve PLO | F57: =Y11 -> PLO1 | G57: =COUNTIF($AB$13:$AB$55,"Y") -> 36 | H57: =COUNTIF($AB$13:$AB$55,"N") -> 7
F58: =Z11 -> PLO2 | G58: =COUNTIF($AC$13:$AC$55,"Y") -> 0 | H58: =COUNTIF($AC$13:$AC$55,"N") -> 0
F59: =AA11 -> PLO3 | G59: =COUNTIF($AD$13:$AD$55,"Y") -> 0 | H59: =COUNTIF($AD$13:$AD$55,"N") -> 0
A60: 9 | B60: 1603-2017
A61: 10 | B61: 1272-2017
A62: 11 | B62: 1225-2017
A63: 12 | B63: 1186-2017
A64: 13 | B64: 1222-2017
A65: 14 | B65: 1198-2017
A66: 15 | B66: 1426-2017
A67: 16 | B67: 1294-2017
A68: 17 | B68: 1609-2017
A69: 18 | B69: 945-2017
A70: 19 | B70: 1196-2017
A71: 20 | B71: 947-2017
A72: 21 | B72: 949-2017
A73: 22 | B73: 1168-2017 | F73: Teacher Incharge Signature | V73: Incharge Department Signature
A74: 23 | B74: 1197-2017 | F74: =J5 -> Name: Abdul Nasir Zamir | V74: (Engr.Dr. Muhammad Shahzad)
A75: 24 | B75: 1273-2017
A76: 25 | B76: 1194-2017
A77: 26 | B77: 1271-2017

Sheet Digital Logic Design 2
C1: MNS - UNIVERSITY OF ENGINEERING AND TECHNOLOGY MULTAN
C2: Department of Computer Science
C3: Program: | D3: BS Information Technology | H3: Semester: | J3: 2nd Semester
C4: Session: | D4: Fall 2023 (Evening) Section-A | J4: Spring 2024
C5: Course: | D5: ='[11]DLD A'!B5 -> Title (Code): Digital Logic Design (IT-122) | H5: Instructor: | J5: ='[11]DLD A'!H5 -> Engr. Nashitah Alwaz
D6: Credit Hours: 2 | E6: Theory
A7: OBE Assessment | E7: CLO1 | F7: CLO2 | G7: CLO3 | H7: CLO4 | I7: CLO5 | J7: CLO6 | K7: CLO7 | L7: CLO8 | M7: CLO9 | N7: CLO10 | O7: Total | P7: PLO1 | Q7: PLO2 | R7: PLO3 | S7: PLO4 | T7: PLO5 | U7: PLO6 | V7: PLO7 | W7: PLO8 | X7: PLO9 | Y7: PLO10 | Z7: Total
E8: {=TRANSPOSE(_xlfn._xlws.FILTER('[11]CLO & PLO'!K1:K10,'Digital Logic Design 2'!E7='[11]CLO & PLO'!A1))} -> 30 | F8: 40 | G8: 20 | H8: 10 | I8: 0 | J8: 0 | K8: 0 | L8: 0 | M8: 0 | N8: 0 | O8: =SUM(E8:N8) -> 100 | P8: {=TRANSPOSE( _xlfn._xlws.FILTER('[11]CLO & PLO'!X1:X10,'[11]CLO & PLO'!N1='Digital Logic Design 2'!P7))} -> 0 | Q8: 70 | R8: 0 | S8: 30 | T8: 0 | U8: 0 | V8: 0 | W8: 0 | X8: 0 | Y8: 0 | Z8: =SUM(P8:X8) -> 100
A9: S# | B9: CMS ID | C9: Assessment Tool ―→ | E9: Quiz1 | H9: Mid | M9: QuizII | P9: Final | U9: C.P | X9: Total | Y9: PLO Assessment | AB9: PLO Achieved
C10: Marks | E10: 10 | G10: =SUM(C10:F10) -> 10 | H10: 10 | I10: 20 | L10: =SUM(H10:K10) -> 30 | M10: 10 | O10: =SUM(M10:N10) -> 10 | P10: 20 | Q10: 20 | T10: =SUM(P10:S10) -> 40 | U10: 10 | W10: =SUM(U10:V10) -> 10 | X10: =G10+L10+O10+T10+W10 -> 100 | AE10: Percentage
C11: Target CLO | E11: CLO2 | G11: Total | H11: CLO1 | I11: CLO2 | L11: Total | M11: CLO4 | O11: Total | P11: CLO1 | Q11: CLO3 | T11: Total | U11: CLO2 | W11: Total | Y11: PLO1 | Z11: PLO2 | AA11: PLO4 | AB11: =Y11 -> PLO1 | AC11: =Z11 -> PLO2 | AD11: =AA11 -> PLO4 | AE11: PLO2 | AF11: PLO4
C12: Registration No | D12: Target PLO | E12: PLO2 | H12: PLO2 | I12: PLO2 | M12: PLO4 | P12: PLO2 | Q12: PLO4 | U12: PLO2 | Y12: {=IFERROR(_xlfn._xlws.FILTER(_xlfn.ANCHORARRAY(P8),Y11=$P$7:$Y$7),0)} -> 0 | Z12: {=IFERROR(_xlfn._xlws.FILTER(_xlfn.ANCHORARRAY(P8),Z11=$P$7:$Y$7),0)} -> 70 | AA12: {=IFERROR(_xlfn._xlws.FILTER(_xlfn.ANCHORARRAY(P8),AA11=$P$7:$Y$7),0)} -> 30 | AB12: {=IFERROR(_xlfn._xlws.FILTER(_xlfn.ANCHORARRAY(P8),AB11=$P$7:$Y$7),0)} -> 0 | AC12: {=IFERROR(_xlfn._xlws.FILTER(_xlfn.ANCHORARRAY(P8),AC11=$P$7:$Y$7),0)} -> 70 | AD12: {=IFERROR(_xlfn._xlws.FILTER(_xlfn.ANCHORARRAY(P8),AD11=$P$7:$Y$7),0)} -> 30
A13: 1 | B13: 917-2017 | C13: ='[11]DLD A'!A26 -> 2023-IT-01 | D13: ='[11]DLD A'!B26 -> Rahma Noor | E13: ='[11]DLD A'!D26 -> 6 | G13: =SUM(C13:F13) -> 6 | H13: 4 | I13: 4 | L13: ='[11]DLD A'!E26 -> 8 | M13: ='[11]DLD A'!F26 -> 6 | O13: =SUM(M13:N13) -> 6 | P13: 10 | Q13: 11 | T13: ='[11]DLD A'!G26 -> 21 | U13: ='[11]DLD A'!H26 -> 8 | W13: =SUM(U13:V13) -> 8 | X13: =SUM(G13+L13+O13+T13+W13) -> 49 | Y13: =SUMIF($E$12:$V$12,$Y$11,E13:V13) -> 0 | Z13: =SUMIF($E$12:$V$12,$Z$11,E13:V13) -> 32 | AA13: =SUMIF($E$12:$V$12,$AA$11,E13:V13) -> 17 | AB13: =IFERROR(IF(Y13/$Y$12*100>=50,"Y","N"),0) -> 0 | AC13: =IFERROR(IF(Z13/$Z$12*100>=50,"Y","N"),0) -> N | AD13: =IFERROR(IF(AA13/$AA$12*100>=50,"Y","N"),0) -> Y | AE13: =Z13/70*100 -> 45.714286 | AF13: =AA13/30*100 -> 56.666667
A14: 2 | B14: 918-2017 | C14: ='[11]DLD A'!A27 -> 2023-IT-02 | D14: ='[11]DLD A'!B27 -> Alishba Manzoor | E14: ='[11]DLD A'!D27 -> 7 | G14: =SUM(C14:F14) -> 7 | H14: 2 | I14: 4 | L14: ='[11]DLD A'!E27 -> 6 | M14: ='[11]DLD A'!F27 -> 7 | O14: =SUM(M14:N14) -> 7 | P14: 5 | Q14: 6 | T14: ='[11]DLD A'!G27 -> 11 | U14: ='[11]DLD A'!H27 -> 8 | W14: =SUM(U14:V14) -> 8 | X14: =SUM(G14+L14+O14+T14+W14) -> 39 | Y14: =SUMIF($E$12:$V$12,$Y$11,E14:V14) -> 0 | Z14: =SUMIF($E$12:$V$12,$Z$11,E14:V14) -> 26 | AA14: =SUMIF($E$12:$V$12,$AA$11,E14:V14) -> 13 | AB14: =IFERROR(IF(Y14/$Y$12*100>=50,"Y","N"),0) -> 0 | AC14: =IFERROR(IF(Z14/$Z$12*100>=50,"Y","N"),0) -> N | AD14: =IFERROR(IF(AA14/$AA$12*100>=50,"Y","N"),0) -> N | AE14: =Z14/70*100 -> 37.142857 | AF14: =AA14/30*100 -> 43.333333
A15: 3 | B15: 919-2017 | C15: ='[11]DLD A'!A28 -> 2023-IT-03 | D15: ='[11]DLD A'!B28 -> Maheen Fatima | E15: ='[11]DLD A'!D28 -> 6 | G15: =SUM(C15:F15) -> 6 | H15: 6 | I15: 5 | L15: ='[11]DLD A'!E28 -> 11 | M15: ='[11]DLD A'!F28 -> 6 | O15: =SUM(M15:N15) -> 6 | P15: 6 | Q15: 8 | T15: ='[11]DLD A'!G28 -> 14 | U15: ='[11]DLD A'!H28 -> 8 | W15: =SUM(U15:V15) -> 8 | X15: =SUM(G15+L15+O15+T15+W15) -> 45 | Y15: =SUMIF($E$12:$V$12,$Y$11,E15:V15) -> 0 | Z15: =SUMIF($E$12:$V$12,$Z$11,E15:V15) -> 31 | AA15: =SUMIF($E$12:$V$12,$AA$11,E15:V15) -> 14 | AB15: =IFERROR(IF(Y15/$Y$12*100>=50,"Y","N"),0) -> 0 | AC15: =IFERROR(IF(Z15/$Z$12*100>=50,"Y","N"),0) -> N | AD15: =IFERROR(IF(AA15/$AA$12*100>=50,"Y","N"),0) -> N | AE15: =Z15/70*100 -> 44.285714 | AF15: =AA15/30*100 -> 46.666667
